Epoch,Class_0,Class_1,Class_2,Class_3,Class_4,Class_5,Class_6,Class_7,Class_8,Class_9,Class_10,Class_11,Class_12,Class_13,Class_14,Class_15,Class_16,Class_17,Class_18,Class_19,Class_20,Class_21,Class_22,Class_23,Class_24,Class_25,Class_26,Class_27,Class_28,Class_29,Class_30,Class_31,Class_32,Class_33,Class_34,Class_35,Class_36,Class_37,Class_38,Class_39,Class_40,Class_41,Class_42,Class_43,Class_44,Class_45,Class_46,Class_47,Class_48,Class_49,Class_50,Class_51,Class_52,Class_53,Class_54,Class_55,Class_56,Class_57,Class_58,Class_59,Class_60,Class_61,Class_62,Class_63,Class_64,Class_65,Class_66,Class_67,Class_68,Class_69,Class_70,Class_71,Class_72,Class_73,Class_74,Class_75,Class_76,Class_77,Class_78,Class_79,Class_80,Class_81,Class_82,Class_83,Class_84,Class_85,Class_86,Class_87,Class_88,Class_89,Class_90,Class_91,Class_92,Class_93,Class_94,Class_95,Class_96,Class_97,Class_98,Class_99,Class_100,Class_101,Class_102,Class_103
1,N/A,N/A,N/A,N/A,N/A,N/A,N/A,N/A,N/A,N/A,N/A,N/A,N/A,N/A,N/A,N/A,N/A,N/A,N/A,N/A,N/A,N/A,N/A,N/A,N/A,N/A,N/A,N/A,N/A,N/A,N/A,N/A,N/A,N/A,N/A,N/A,N/A,N/A,N/A,N/A,N/A,N/A,N/A,N/A,N/A,N/A,N/A,N/A,N/A,N/A,N/A,N/A,N/A,N/A,N/A,N/A,N/A,N/A,N/A,N/A,N/A,N/A,N/A,N/A,N/A,N/A,N/A,N/A,N/A,N/A,N/A,N/A,N/A,N/A,N/A,N/A,N/A,N/A,N/A,N/A,N/A,N/A,N/A,N/A,N/A,N/A,N/A,N/A,N/A,N/A,N/A,N/A,N/A,N/A,N/A,N/A,N/A,N/A,N/A,N/A,N/A,N/A,N/A,N/A
2,N/A,N/A,N/A,N/A,N/A,N/A,N/A,N/A,N/A,N/A,N/A,N/A,N/A,N/A,N/A,N/A,N/A,N/A,N/A,N/A,N/A,N/A,N/A,N/A,N/A,N/A,N/A,N/A,N/A,N/A,N/A,N/A,N/A,N/A,N/A,N/A,N/A,N/A,N/A,N/A,N/A,N/A,N/A,N/A,N/A,N/A,N/A,N/A,N/A,N/A,N/A,N/A,N/A,N/A,N/A,N/A,N/A,N/A,N/A,N/A,N/A,N/A,N/A,N/A,N/A,N/A,N/A,N/A,N/A,N/A,N/A,N/A,N/A,N/A,N/A,N/A,N/A,N/A,N/A,N/A,N/A,N/A,N/A,N/A,N/A,N/A,N/A,N/A,N/A,N/A,N/A,N/A,N/A,N/A,N/A,N/A,N/A,N/A,N/A,N/A,N/A,N/A,N/A,N/A
3,N/A,N/A,N/A,N/A,N/A,N/A,N/A,N/A,N/A,N/A,N/A,N/A,N/A,N/A,N/A,N/A,N/A,N/A,N/A,N/A,N/A,N/A,N/A,N/A,N/A,N/A,N/A,N/A,N/A,N/A,N/A,N/A,N/A,N/A,N/A,N/A,N/A,N/A,N/A,N/A,N/A,N/A,N/A,N/A,N/A,N/A,N/A,N/A,N/A,N/A,N/A,N/A,N/A,N/A,N/A,N/A,N/A,N/A,N/A,N/A,N/A,N/A,N/A,N/A,N/A,N/A,N/A,N/A,N/A,N/A,N/A,N/A,N/A,N/A,N/A,N/A,N/A,N/A,N/A,N/A,N/A,N/A,N/A,N/A,N/A,N/A,N/A,N/A,N/A,N/A,N/A,N/A,N/A,N/A,N/A,N/A,N/A,N/A,N/A,N/A,N/A,N/A,N/A,N/A
4,N/A,N/A,N/A,N/A,N/A,N/A,N/A,N/A,N/A,N/A,N/A,N/A,N/A,N/A,N/A,N/A,N/A,N/A,N/A,N/A,N/A,N/A,N/A,N/A,N/A,N/A,N/A,N/A,N/A,N/A,N/A,N/A,N/A,N/A,N/A,N/A,N/A,N/A,N/A,N/A,N/A,N/A,N/A,N/A,N/A,N/A,N/A,N/A,N/A,N/A,N/A,N/A,N/A,N/A,N/A,N/A,N/A,N/A,N/A,N/A,N/A,N/A,N/A,N/A,N/A,N/A,N/A,N/A,N/A,N/A,N/A,N/A,N/A,N/A,N/A,N/A,N/A,N/A,N/A,N/A,N/A,N/A,N/A,N/A,N/A,N/A,N/A,N/A,N/A,N/A,N/A,N/A,N/A,N/A,N/A,N/A,N/A,N/A,N/A,N/A,N/A,N/A,N/A,N/A
5,0.7703627943992615,0.0010879338951781392,0.0,0.5476903319358826,0.20403695106506348,0.46237045526504517,0.7385093569755554,0.0,0.35003119707107544,0.0032081236131489277,0.37837836146354675,0.1439094841480255,0.33356973528862,0.3255513310432434,0.3278701603412628,0.3919302523136139,0.06165023893117905,0.35557517409324646,0.037795525044202805,0.0,0.0,0.43176403641700745,0.2292620688676834,0.0,0.5060546398162842,0.4405806362628937,0.0,0.0028557213954627514,0.39565786719322205,0.6759498715400696,0.6399092078208923,0.2033470869064331,0.6067014336585999,0.3542434871196747,0.01356550958007574,0.29900386929512024,0.45482051372528076,0.610207200050354,0.07811807096004486,0.6385229229927063,0.4242231249809265,0.6431846618652344,0.6405818462371826,0.0,0.34494826197624207,0.08561389893293381,0.36567777395248413,0.07812894880771637,0.4095555543899536,0.22121426463127136,0.2241707742214203,0.058606989681720734,0.33768224716186523,0.371524453163147,0.3258930444717407,0.6339653730392456,0.5750380754470825,0.20612362027168274,0.5205400586128235,0.7506043314933777,0.0,0.30797699093818665,0.04128003492951393,0.04349569231271744,0.45329388976097107,0.475434809923172,0.6683629155158997,0.4088631868362427,0.32700347900390625,0.011290785856544971,0.5023247003555298,0.34297633171081543,0.5979718565940857,0.6423469185829163,0.0,0.0,0.046794161200523376,0.25861239433288574,0.033494409173727036,0.6029500961303711,0.45518407225608826,0.3087151348590851,0.5704054236412048,0.0516776368021965,0.6660638451576233,0.6762720942497253,0.0,0.7876477241516113,0.5774486660957336,0.40351369976997375,0.3439156115055084,0.4744053781032562,0.014285631477832794,0.33669939637184143,0.3931780457496643,0.7031793594360352,0.6680899858474731,0.0,0.1880664825439453,0.0,0.0,0.19677183032035828,0.0,0.02302136830985546
6,N/A,N/A,N/A,N/A,N/A,N/A,N/A,N/A,N/A,N/A,N/A,N/A,N/A,N/A,N/A,N/A,N/A,N/A,N/A,N/A,N/A,N/A,N/A,N/A,N/A,N/A,N/A,N/A,N/A,N/A,N/A,N/A,N/A,N/A,N/A,N/A,N/A,N/A,N/A,N/A,N/A,N/A,N/A,N/A,N/A,N/A,N/A,N/A,N/A,N/A,N/A,N/A,N/A,N/A,N/A,N/A,N/A,N/A,N/A,N/A,N/A,N/A,N/A,N/A,N/A,N/A,N/A,N/A,N/A,N/A,N/A,N/A,N/A,N/A,N/A,N/A,N/A,N/A,N/A,N/A,N/A,N/A,N/A,N/A,N/A,N/A,N/A,N/A,N/A,N/A,N/A,N/A,N/A,N/A,N/A,N/A,N/A,N/A,N/A,N/A,N/A,N/A,N/A,N/A
7,N/A,N/A,N/A,N/A,N/A,N/A,N/A,N/A,N/A,N/A,N/A,N/A,N/A,N/A,N/A,N/A,N/A,N/A,N/A,N/A,N/A,N/A,N/A,N/A,N/A,N/A,N/A,N/A,N/A,N/A,N/A,N/A,N/A,N/A,N/A,N/A,N/A,N/A,N/A,N/A,N/A,N/A,N/A,N/A,N/A,N/A,N/A,N/A,N/A,N/A,N/A,N/A,N/A,N/A,N/A,N/A,N/A,N/A,N/A,N/A,N/A,N/A,N/A,N/A,N/A,N/A,N/A,N/A,N/A,N/A,N/A,N/A,N/A,N/A,N/A,N/A,N/A,N/A,N/A,N/A,N/A,N/A,N/A,N/A,N/A,N/A,N/A,N/A,N/A,N/A,N/A,N/A,N/A,N/A,N/A,N/A,N/A,N/A,N/A,N/A,N/A,N/A,N/A,N/A
8,N/A,N/A,N/A,N/A,N/A,N/A,N/A,N/A,N/A,N/A,N/A,N/A,N/A,N/A,N/A,N/A,N/A,N/A,N/A,N/A,N/A,N/A,N/A,N/A,N/A,N/A,N/A,N/A,N/A,N/A,N/A,N/A,N/A,N/A,N/A,N/A,N/A,N/A,N/A,N/A,N/A,N/A,N/A,N/A,N/A,N/A,N/A,N/A,N/A,N/A,N/A,N/A,N/A,N/A,N/A,N/A,N/A,N/A,N/A,N/A,N/A,N/A,N/A,N/A,N/A,N/A,N/A,N/A,N/A,N/A,N/A,N/A,N/A,N/A,N/A,N/A,N/A,N/A,N/A,N/A,N/A,N/A,N/A,N/A,N/A,N/A,N/A,N/A,N/A,N/A,N/A,N/A,N/A,N/A,N/A,N/A,N/A,N/A,N/A,N/A,N/A,N/A,N/A,N/A
9,N/A,N/A,N/A,N/A,N/A,N/A,N/A,N/A,N/A,N/A,N/A,N/A,N/A,N/A,N/A,N/A,N/A,N/A,N/A,N/A,N/A,N/A,N/A,N/A,N/A,N/A,N/A,N/A,N/A,N/A,N/A,N/A,N/A,N/A,N/A,N/A,N/A,N/A,N/A,N/A,N/A,N/A,N/A,N/A,N/A,N/A,N/A,N/A,N/A,N/A,N/A,N/A,N/A,N/A,N/A,N/A,N/A,N/A,N/A,N/A,N/A,N/A,N/A,N/A,N/A,N/A,N/A,N/A,N/A,N/A,N/A,N/A,N/A,N/A,N/A,N/A,N/A,N/A,N/A,N/A,N/A,N/A,N/A,N/A,N/A,N/A,N/A,N/A,N/A,N/A,N/A,N/A,N/A,N/A,N/A,N/A,N/A,N/A,N/A,N/A,N/A,N/A,N/A,N/A
10,0.7818171381950378,0.5010209679603577,0.0,0.6049253940582275,0.2160457968711853,0.48385006189346313,0.750523567199707,0.0,0.32880011200904846,0.12973611056804657,0.4006403684616089,0.14186038076877594,0.2925416827201843,0.23008781671524048,0.2408961057662964,0.31578677892684937,0.06875067204236984,0.4288194477558136,0.4039427936077118,0.12124201655387878,0.04773206263780594,0.6652111411094666,0.3371744453907013,0.0,0.5054632425308228,0.4462283253669739,0.0,0.25301769375801086,0.4415023624897003,0.6453775763511658,0.664250910282135,0.42433086037635803,0.6161071062088013,0.42925554513931274,0.19345149397850037,0.5121824741363525,0.48152247071266174,0.6563675403594971,0.24115252494812012,0.6739002466201782,0.3602668344974518,0.6606971621513367,0.5652011632919312,0.0,0.5500743985176086,0.3960607647895813,0.45082151889801025,0.14002834260463715,0.43329092860221863,0.24287621676921844,0.21959201991558075,0.17996014654636383,0.35885804891586304,0.44535523653030396,0.346357136964798,0.5792458653450012,0.512798547744751,0.32287129759788513,0.5402957201004028,0.7931761741638184,0.0,0.2915172874927521,0.27089065313339233,0.42118990421295166,0.5923445224761963,0.5854801535606384,0.6909379959106445,0.43964943289756775,0.34098294377326965,0.0061740330420434475,0.5579666495323181,0.5916262865066528,0.5886013507843018,0.6879096627235413,0.0,0.16353203356266022,0.3101145923137665,0.25451740622520447,0.6362852454185486,0.532959520816803,0.41858142614364624,0.5485571026802063,0.6102634072303772,0.21327172219753265,0.6999877095222473,0.6937774419784546,0.0,0.8018705248832703,0.6149751543998718,0.43596357107162476,0.512273371219635,0.45227402448654175,0.24517273902893066,0.37960660457611084,0.4255259037017822,0.7573142051696777,0.677107036113739,0.0,0.14025701582431793,0.001992500154301524,0.0,0.24096451699733734,0.22337980568408966,0.016337182372808456
11,N/A,N/A,N/A,N/A,N/A,N/A,N/A,N/A,N/A,N/A,N/A,N/A,N/A,N/A,N/A,N/A,N/A,N/A,N/A,N/A,N/A,N/A,N/A,N/A,N/A,N/A,N/A,N/A,N/A,N/A,N/A,N/A,N/A,N/A,N/A,N/A,N/A,N/A,N/A,N/A,N/A,N/A,N/A,N/A,N/A,N/A,N/A,N/A,N/A,N/A,N/A,N/A,N/A,N/A,N/A,N/A,N/A,N/A,N/A,N/A,N/A,N/A,N/A,N/A,N/A,N/A,N/A,N/A,N/A,N/A,N/A,N/A,N/A,N/A,N/A,N/A,N/A,N/A,N/A,N/A,N/A,N/A,N/A,N/A,N/A,N/A,N/A,N/A,N/A,N/A,N/A,N/A,N/A,N/A,N/A,N/A,N/A,N/A,N/A,N/A,N/A,N/A,N/A,N/A
12,N/A,N/A,N/A,N/A,N/A,N/A,N/A,N/A,N/A,N/A,N/A,N/A,N/A,N/A,N/A,N/A,N/A,N/A,N/A,N/A,N/A,N/A,N/A,N/A,N/A,N/A,N/A,N/A,N/A,N/A,N/A,N/A,N/A,N/A,N/A,N/A,N/A,N/A,N/A,N/A,N/A,N/A,N/A,N/A,N/A,N/A,N/A,N/A,N/A,N/A,N/A,N/A,N/A,N/A,N/A,N/A,N/A,N/A,N/A,N/A,N/A,N/A,N/A,N/A,N/A,N/A,N/A,N/A,N/A,N/A,N/A,N/A,N/A,N/A,N/A,N/A,N/A,N/A,N/A,N/A,N/A,N/A,N/A,N/A,N/A,N/A,N/A,N/A,N/A,N/A,N/A,N/A,N/A,N/A,N/A,N/A,N/A,N/A,N/A,N/A,N/A,N/A,N/A,N/A
13,N/A,N/A,N/A,N/A,N/A,N/A,N/A,N/A,N/A,N/A,N/A,N/A,N/A,N/A,N/A,N/A,N/A,N/A,N/A,N/A,N/A,N/A,N/A,N/A,N/A,N/A,N/A,N/A,N/A,N/A,N/A,N/A,N/A,N/A,N/A,N/A,N/A,N/A,N/A,N/A,N/A,N/A,N/A,N/A,N/A,N/A,N/A,N/A,N/A,N/A,N/A,N/A,N/A,N/A,N/A,N/A,N/A,N/A,N/A,N/A,N/A,N/A,N/A,N/A,N/A,N/A,N/A,N/A,N/A,N/A,N/A,N/A,N/A,N/A,N/A,N/A,N/A,N/A,N/A,N/A,N/A,N/A,N/A,N/A,N/A,N/A,N/A,N/A,N/A,N/A,N/A,N/A,N/A,N/A,N/A,N/A,N/A,N/A,N/A,N/A,N/A,N/A,N/A,N/A
14,N/A,N/A,N/A,N/A,N/A,N/A,N/A,N/A,N/A,N/A,N/A,N/A,N/A,N/A,N/A,N/A,N/A,N/A,N/A,N/A,N/A,N/A,N/A,N/A,N/A,N/A,N/A,N/A,N/A,N/A,N/A,N/A,N/A,N/A,N/A,N/A,N/A,N/A,N/A,N/A,N/A,N/A,N/A,N/A,N/A,N/A,N/A,N/A,N/A,N/A,N/A,N/A,N/A,N/A,N/A,N/A,N/A,N/A,N/A,N/A,N/A,N/A,N/A,N/A,N/A,N/A,N/A,N/A,N/A,N/A,N/A,N/A,N/A,N/A,N/A,N/A,N/A,N/A,N/A,N/A,N/A,N/A,N/A,N/A,N/A,N/A,N/A,N/A,N/A,N/A,N/A,N/A,N/A,N/A,N/A,N/A,N/A,N/A,N/A,N/A,N/A,N/A,N/A,N/A
15,0.7944262623786926,0.48351994156837463,0.0,0.6106125116348267,0.2251335233449936,0.556227445602417,0.6773751974105835,0.0,0.42567986249923706,0.13488595187664032,0.4565642476081848,0.1985727995634079,0.31610745191574097,0.3607077896595001,0.353390097618103,0.3750011920928955,0.024015160277485847,0.3990073800086975,0.39674389362335205,0.19700126349925995,0.11954484134912491,0.714623749256134,0.38930100202560425,0.0,0.5451622605323792,0.4165951609611511,0.0,0.19210585951805115,0.46279895305633545,0.6379485130310059,0.6615939736366272,0.4396219551563263,0.6350690722465515,0.40962183475494385,0.2467004358768463,0.585585355758667,0.5408969521522522,0.6680603623390198,0.23023942112922668,0.6322291493415833,0.46529456973075867,0.6644847393035889,0.7004274725914001,0.0,0.5505340695381165,0.3610750436782837,0.42421048879623413,0.17208755016326904,0.4451219141483307,0.2826063334941864,0.2027210146188736,0.18627451360225677,0.38950514793395996,0.42797815799713135,0.39530912041664124,0.6617538332939148,0.43360111117362976,0.4141383767127991,0.5724149942398071,0.7626885771751404,0.0,0.23016349971294403,0.2687707543373108,0.4919191002845764,0.593706488609314,0.6244921088218689,0.6945117115974426,0.4432776868343353,0.44908037781715393,0.11658181250095367,0.5636119246482849,0.5864665508270264,0.5695959329605103,0.7067544460296631,0.0,0.40043967962265015,0.32815033197402954,0.26677173376083374,0.6416311860084534,0.669805645942688,0.42147117853164673,0.5038347840309143,0.5855780839920044,0.230559304356575,0.7477295398712158,0.7318424582481384,0.0,0.7914641499519348,0.6051158308982849,0.4392150640487671,0.4738258421421051,0.18590222299098969,0.46480631828308105,0.4067665934562683,0.47095149755477905,0.7583089470863342,0.6765331625938416,0.0,0.28067198395729065,0.4328213632106781,0.0,0.13498200476169586,0.0949467271566391,0.007026635110378265
16,N/A,N/A,N/A,N/A,N/A,N/A,N/A,N/A,N/A,N/A,N/A,N/A,N/A,N/A,N/A,N/A,N/A,N/A,N/A,N/A,N/A,N/A,N/A,N/A,N/A,N/A,N/A,N/A,N/A,N/A,N/A,N/A,N/A,N/A,N/A,N/A,N/A,N/A,N/A,N/A,N/A,N/A,N/A,N/A,N/A,N/A,N/A,N/A,N/A,N/A,N/A,N/A,N/A,N/A,N/A,N/A,N/A,N/A,N/A,N/A,N/A,N/A,N/A,N/A,N/A,N/A,N/A,N/A,N/A,N/A,N/A,N/A,N/A,N/A,N/A,N/A,N/A,N/A,N/A,N/A,N/A,N/A,N/A,N/A,N/A,N/A,N/A,N/A,N/A,N/A,N/A,N/A,N/A,N/A,N/A,N/A,N/A,N/A,N/A,N/A,N/A,N/A,N/A,N/A
17,N/A,N/A,N/A,N/A,N/A,N/A,N/A,N/A,N/A,N/A,N/A,N/A,N/A,N/A,N/A,N/A,N/A,N/A,N/A,N/A,N/A,N/A,N/A,N/A,N/A,N/A,N/A,N/A,N/A,N/A,N/A,N/A,N/A,N/A,N/A,N/A,N/A,N/A,N/A,N/A,N/A,N/A,N/A,N/A,N/A,N/A,N/A,N/A,N/A,N/A,N/A,N/A,N/A,N/A,N/A,N/A,N/A,N/A,N/A,N/A,N/A,N/A,N/A,N/A,N/A,N/A,N/A,N/A,N/A,N/A,N/A,N/A,N/A,N/A,N/A,N/A,N/A,N/A,N/A,N/A,N/A,N/A,N/A,N/A,N/A,N/A,N/A,N/A,N/A,N/A,N/A,N/A,N/A,N/A,N/A,N/A,N/A,N/A,N/A,N/A,N/A,N/A,N/A,N/A
18,N/A,N/A,N/A,N/A,N/A,N/A,N/A,N/A,N/A,N/A,N/A,N/A,N/A,N/A,N/A,N/A,N/A,N/A,N/A,N/A,N/A,N/A,N/A,N/A,N/A,N/A,N/A,N/A,N/A,N/A,N/A,N/A,N/A,N/A,N/A,N/A,N/A,N/A,N/A,N/A,N/A,N/A,N/A,N/A,N/A,N/A,N/A,N/A,N/A,N/A,N/A,N/A,N/A,N/A,N/A,N/A,N/A,N/A,N/A,N/A,N/A,N/A,N/A,N/A,N/A,N/A,N/A,N/A,N/A,N/A,N/A,N/A,N/A,N/A,N/A,N/A,N/A,N/A,N/A,N/A,N/A,N/A,N/A,N/A,N/A,N/A,N/A,N/A,N/A,N/A,N/A,N/A,N/A,N/A,N/A,N/A,N/A,N/A,N/A,N/A,N/A,N/A,N/A,N/A
19,N/A,N/A,N/A,N/A,N/A,N/A,N/A,N/A,N/A,N/A,N/A,N/A,N/A,N/A,N/A,N/A,N/A,N/A,N/A,N/A,N/A,N/A,N/A,N/A,N/A,N/A,N/A,N/A,N/A,N/A,N/A,N/A,N/A,N/A,N/A,N/A,N/A,N/A,N/A,N/A,N/A,N/A,N/A,N/A,N/A,N/A,N/A,N/A,N/A,N/A,N/A,N/A,N/A,N/A,N/A,N/A,N/A,N/A,N/A,N/A,N/A,N/A,N/A,N/A,N/A,N/A,N/A,N/A,N/A,N/A,N/A,N/A,N/A,N/A,N/A,N/A,N/A,N/A,N/A,N/A,N/A,N/A,N/A,N/A,N/A,N/A,N/A,N/A,N/A,N/A,N/A,N/A,N/A,N/A,N/A,N/A,N/A,N/A,N/A,N/A,N/A,N/A,N/A,N/A
20,0.8410131335258484,0.5255320072174072,0.0,0.6389358639717102,0.2727009057998657,0.517574667930603,0.7044076323509216,0.0,0.4659796953201294,0.13813516497612,0.4500119686126709,0.22552669048309326,0.4396649897098541,0.4180171489715576,0.4485739767551422,0.4650731682777405,0.1571735292673111,0.537444531917572,0.38891252875328064,0.42146602272987366,0.37867194414138794,0.7240089178085327,0.48270538449287415,0.04585547745227814,0.5613343715667725,0.41296476125717163,0.0,0.26520636677742004,0.5072858929634094,0.7061460614204407,0.7718784809112549,0.5139102339744568,0.6605603694915771,0.49509397149086,0.31492072343826294,0.4933607876300812,0.5723999738693237,0.6765701174736023,0.21517805755138397,0.7479296326637268,0.4963914155960083,0.6762931942939758,0.7690115571022034,0.0,0.5755350589752197,0.4662730395793915,0.45235347747802734,0.2135155349969864,0.474730521440506,0.2777479588985443,0.22964496910572052,0.23335112631320953,0.394256055355072,0.4732821583747864,0.40312090516090393,0.6439487934112549,0.6270444393157959,0.385035902261734,0.587454080581665,0.7850669026374817,0.0,0.13059289753437042,0.1776951402425766,0.507009744644165,0.6086901426315308,0.6237479448318481,0.6996286511421204,0.4115641415119171,0.3948207497596741,0.08940555900335312,0.5760021805763245,0.5143692493438721,0.6301559805870056,0.7098179459571838,0.0,0.5185571312904358,0.36592379212379456,0.27338191866874695,0.6348804831504822,0.6149205565452576,0.4096398949623108,0.4732391834259033,0.6426718235015869,0.25648728013038635,0.7314709424972534,0.7488574981689453,0.0,0.822306752204895,0.667738676071167,0.4577283561229706,0.47346043586730957,0.5161159038543701,0.6799216270446777,0.4048561155796051,0.4826344847679138,0.7657620906829834,0.6708705425262451,0.0,0.23952819406986237,0.3926521837711334,0.0,0.2566469609737396,0.014761446043848991,0.02585044875741005
21,N/A,N/A,N/A,N/A,N/A,N/A,N/A,N/A,N/A,N/A,N/A,N/A,N/A,N/A,N/A,N/A,N/A,N/A,N/A,N/A,N/A,N/A,N/A,N/A,N/A,N/A,N/A,N/A,N/A,N/A,N/A,N/A,N/A,N/A,N/A,N/A,N/A,N/A,N/A,N/A,N/A,N/A,N/A,N/A,N/A,N/A,N/A,N/A,N/A,N/A,N/A,N/A,N/A,N/A,N/A,N/A,N/A,N/A,N/A,N/A,N/A,N/A,N/A,N/A,N/A,N/A,N/A,N/A,N/A,N/A,N/A,N/A,N/A,N/A,N/A,N/A,N/A,N/A,N/A,N/A,N/A,N/A,N/A,N/A,N/A,N/A,N/A,N/A,N/A,N/A,N/A,N/A,N/A,N/A,N/A,N/A,N/A,N/A,N/A,N/A,N/A,N/A,N/A,N/A
22,N/A,N/A,N/A,N/A,N/A,N/A,N/A,N/A,N/A,N/A,N/A,N/A,N/A,N/A,N/A,N/A,N/A,N/A,N/A,N/A,N/A,N/A,N/A,N/A,N/A,N/A,N/A,N/A,N/A,N/A,N/A,N/A,N/A,N/A,N/A,N/A,N/A,N/A,N/A,N/A,N/A,N/A,N/A,N/A,N/A,N/A,N/A,N/A,N/A,N/A,N/A,N/A,N/A,N/A,N/A,N/A,N/A,N/A,N/A,N/A,N/A,N/A,N/A,N/A,N/A,N/A,N/A,N/A,N/A,N/A,N/A,N/A,N/A,N/A,N/A,N/A,N/A,N/A,N/A,N/A,N/A,N/A,N/A,N/A,N/A,N/A,N/A,N/A,N/A,N/A,N/A,N/A,N/A,N/A,N/A,N/A,N/A,N/A,N/A,N/A,N/A,N/A,N/A,N/A
23,N/A,N/A,N/A,N/A,N/A,N/A,N/A,N/A,N/A,N/A,N/A,N/A,N/A,N/A,N/A,N/A,N/A,N/A,N/A,N/A,N/A,N/A,N/A,N/A,N/A,N/A,N/A,N/A,N/A,N/A,N/A,N/A,N/A,N/A,N/A,N/A,N/A,N/A,N/A,N/A,N/A,N/A,N/A,N/A,N/A,N/A,N/A,N/A,N/A,N/A,N/A,N/A,N/A,N/A,N/A,N/A,N/A,N/A,N/A,N/A,N/A,N/A,N/A,N/A,N/A,N/A,N/A,N/A,N/A,N/A,N/A,N/A,N/A,N/A,N/A,N/A,N/A,N/A,N/A,N/A,N/A,N/A,N/A,N/A,N/A,N/A,N/A,N/A,N/A,N/A,N/A,N/A,N/A,N/A,N/A,N/A,N/A,N/A,N/A,N/A,N/A,N/A,N/A,N/A
24,N/A,N/A,N/A,N/A,N/A,N/A,N/A,N/A,N/A,N/A,N/A,N/A,N/A,N/A,N/A,N/A,N/A,N/A,N/A,N/A,N/A,N/A,N/A,N/A,N/A,N/A,N/A,N/A,N/A,N/A,N/A,N/A,N/A,N/A,N/A,N/A,N/A,N/A,N/A,N/A,N/A,N/A,N/A,N/A,N/A,N/A,N/A,N/A,N/A,N/A,N/A,N/A,N/A,N/A,N/A,N/A,N/A,N/A,N/A,N/A,N/A,N/A,N/A,N/A,N/A,N/A,N/A,N/A,N/A,N/A,N/A,N/A,N/A,N/A,N/A,N/A,N/A,N/A,N/A,N/A,N/A,N/A,N/A,N/A,N/A,N/A,N/A,N/A,N/A,N/A,N/A,N/A,N/A,N/A,N/A,N/A,N/A,N/A,N/A,N/A,N/A,N/A,N/A,N/A
25,0.8598603010177612,0.5094910860061646,0.0,0.5394256114959717,0.3285633325576782,0.4691031277179718,0.7750534415245056,0.0,0.47962144017219543,0.11710113286972046,0.46981972455978394,0.30367279052734375,0.48924368619918823,0.4289557635784149,0.4835631251335144,0.5294987559318542,0.19309580326080322,0.4843297302722931,0.35841813683509827,0.38534653186798096,0.3895905017852783,0.5731049180030823,0.40253546833992004,0.0,0.5834157466888428,0.45520487427711487,0.0,0.2093299925327301,0.4890810549259186,0.7699029445648193,0.6796050071716309,0.46487364172935486,0.6824173331260681,0.48781028389930725,0.38547226786613464,0.5900781154632568,0.5308656096458435,0.6875221729278564,0.29204440116882324,0.7420136332511902,0.43877801299095154,0.6757645606994629,0.7549312114715576,0.016541894525289536,0.5734723210334778,0.40867599844932556,0.43793514370918274,0.1782451868057251,0.4711584746837616,0.2936689555644989,0.24474088847637177,0.2608622610569,0.4334580600261688,0.473425030708313,0.35776767134666443,0.7149586081504822,0.6132340431213379,0.4299446940422058,0.5917254090309143,0.8420083522796631,0.0,0.2994314134120941,0.1996126025915146,0.5852991938591003,0.5673060417175293,0.6231538653373718,0.7243414521217346,0.46406224370002747,0.5528312921524048,0.07035452872514725,0.5407208204269409,0.5468192100524902,0.5605766177177429,0.7076610922813416,0.0,0.46845176815986633,0.347192645072937,0.2043677568435669,0.6797397136688232,0.6715003252029419,0.4977627098560333,0.4333036541938782,0.6381174921989441,0.2605934739112854,0.774628758430481,0.7327165007591248,0.0,0.8391386866569519,0.6334937214851379,0.4815385043621063,0.4353923797607422,0.48217475414276123,0.6642760038375854,0.44361913204193115,0.39035123586654663,0.7915977239608765,0.6015682220458984,0.0,0.3530891537666321,0.3307953178882599,0.0,0.2587234079837799,0.0024290618021041155,0.03891162946820259
26,N/A,N/A,N/A,N/A,N/A,N/A,N/A,N/A,N/A,N/A,N/A,N/A,N/A,N/A,N/A,N/A,N/A,N/A,N/A,N/A,N/A,N/A,N/A,N/A,N/A,N/A,N/A,N/A,N/A,N/A,N/A,N/A,N/A,N/A,N/A,N/A,N/A,N/A,N/A,N/A,N/A,N/A,N/A,N/A,N/A,N/A,N/A,N/A,N/A,N/A,N/A,N/A,N/A,N/A,N/A,N/A,N/A,N/A,N/A,N/A,N/A,N/A,N/A,N/A,N/A,N/A,N/A,N/A,N/A,N/A,N/A,N/A,N/A,N/A,N/A,N/A,N/A,N/A,N/A,N/A,N/A,N/A,N/A,N/A,N/A,N/A,N/A,N/A,N/A,N/A,N/A,N/A,N/A,N/A,N/A,N/A,N/A,N/A,N/A,N/A,N/A,N/A,N/A,N/A
27,N/A,N/A,N/A,N/A,N/A,N/A,N/A,N/A,N/A,N/A,N/A,N/A,N/A,N/A,N/A,N/A,N/A,N/A,N/A,N/A,N/A,N/A,N/A,N/A,N/A,N/A,N/A,N/A,N/A,N/A,N/A,N/A,N/A,N/A,N/A,N/A,N/A,N/A,N/A,N/A,N/A,N/A,N/A,N/A,N/A,N/A,N/A,N/A,N/A,N/A,N/A,N/A,N/A,N/A,N/A,N/A,N/A,N/A,N/A,N/A,N/A,N/A,N/A,N/A,N/A,N/A,N/A,N/A,N/A,N/A,N/A,N/A,N/A,N/A,N/A,N/A,N/A,N/A,N/A,N/A,N/A,N/A,N/A,N/A,N/A,N/A,N/A,N/A,N/A,N/A,N/A,N/A,N/A,N/A,N/A,N/A,N/A,N/A,N/A,N/A,N/A,N/A,N/A,N/A
28,N/A,N/A,N/A,N/A,N/A,N/A,N/A,N/A,N/A,N/A,N/A,N/A,N/A,N/A,N/A,N/A,N/A,N/A,N/A,N/A,N/A,N/A,N/A,N/A,N/A,N/A,N/A,N/A,N/A,N/A,N/A,N/A,N/A,N/A,N/A,N/A,N/A,N/A,N/A,N/A,N/A,N/A,N/A,N/A,N/A,N/A,N/A,N/A,N/A,N/A,N/A,N/A,N/A,N/A,N/A,N/A,N/A,N/A,N/A,N/A,N/A,N/A,N/A,N/A,N/A,N/A,N/A,N/A,N/A,N/A,N/A,N/A,N/A,N/A,N/A,N/A,N/A,N/A,N/A,N/A,N/A,N/A,N/A,N/A,N/A,N/A,N/A,N/A,N/A,N/A,N/A,N/A,N/A,N/A,N/A,N/A,N/A,N/A,N/A,N/A,N/A,N/A,N/A,N/A
29,N/A,N/A,N/A,N/A,N/A,N/A,N/A,N/A,N/A,N/A,N/A,N/A,N/A,N/A,N/A,N/A,N/A,N/A,N/A,N/A,N/A,N/A,N/A,N/A,N/A,N/A,N/A,N/A,N/A,N/A,N/A,N/A,N/A,N/A,N/A,N/A,N/A,N/A,N/A,N/A,N/A,N/A,N/A,N/A,N/A,N/A,N/A,N/A,N/A,N/A,N/A,N/A,N/A,N/A,N/A,N/A,N/A,N/A,N/A,N/A,N/A,N/A,N/A,N/A,N/A,N/A,N/A,N/A,N/A,N/A,N/A,N/A,N/A,N/A,N/A,N/A,N/A,N/A,N/A,N/A,N/A,N/A,N/A,N/A,N/A,N/A,N/A,N/A,N/A,N/A,N/A,N/A,N/A,N/A,N/A,N/A,N/A,N/A,N/A,N/A,N/A,N/A,N/A,N/A
30,0.8695921897888184,0.49723342061042786,0.0,0.6321792602539062,0.2441399097442627,0.44915518164634705,0.7333371043205261,0.0,0.48631006479263306,0.1291274130344391,0.49095484614372253,0.2949584722518921,0.47609037160873413,0.4401125907897949,0.5052758455276489,0.3853822350502014,0.13676179945468903,0.5041024088859558,0.27549123764038086,0.2768958806991577,0.3646773099899292,0.5492811799049377,0.5114838480949402,0.019640041515231133,0.5585852265357971,0.42448005080223083,0.00013930752174928784,0.2431076467037201,0.5275582671165466,0.7556871771812439,0.7938732504844666,0.4949558973312378,0.6214107871055603,0.46067413687705994,0.2774817645549774,0.6339909434318542,0.44199445843696594,0.6844499707221985,0.24372908473014832,0.7223118543624878,0.4573400020599365,0.6788672804832458,0.7020664215087891,0.0,0.5860366225242615,0.557338297367096,0.43922072649002075,0.18724918365478516,0.4388555884361267,0.23537953197956085,0.18118733167648315,0.22452589869499207,0.421124666929245,0.4575556814670563,0.39458152651786804,0.693293035030365,0.6098244786262512,0.39259135723114014,0.5748677849769592,0.8227239847183228,0.0,0.31343913078308105,0.15948398411273956,0.557666003704071,0.6105653643608093,0.6499624252319336,0.7422354221343994,0.4567488133907318,0.5077511668205261,0.05189221352338791,0.5519593358039856,0.5119666457176208,0.48874425888061523,0.7413433194160461,0.0,0.5299848318099976,0.35302770137786865,0.2691226303577423,0.7076086401939392,0.6996778845787048,0.44693079590797424,0.5477022528648376,0.6584351062774658,0.292066752910614,0.7640518546104431,0.7585616111755371,0.0,0.8429695963859558,0.5507075786590576,0.4675839841365814,0.49365413188934326,0.4745478630065918,0.6535259485244751,0.4476824402809143,0.47570663690567017,0.7840489149093628,0.6624242663383484,0.0,0.2964470684528351,0.4201372563838959,0.0,0.19084295630455017,0.07265608757734299,0.051401492208242416
31,N/A,N/A,N/A,N/A,N/A,N/A,N/A,N/A,N/A,N/A,N/A,N/A,N/A,N/A,N/A,N/A,N/A,N/A,N/A,N/A,N/A,N/A,N/A,N/A,N/A,N/A,N/A,N/A,N/A,N/A,N/A,N/A,N/A,N/A,N/A,N/A,N/A,N/A,N/A,N/A,N/A,N/A,N/A,N/A,N/A,N/A,N/A,N/A,N/A,N/A,N/A,N/A,N/A,N/A,N/A,N/A,N/A,N/A,N/A,N/A,N/A,N/A,N/A,N/A,N/A,N/A,N/A,N/A,N/A,N/A,N/A,N/A,N/A,N/A,N/A,N/A,N/A,N/A,N/A,N/A,N/A,N/A,N/A,N/A,N/A,N/A,N/A,N/A,N/A,N/A,N/A,N/A,N/A,N/A,N/A,N/A,N/A,N/A,N/A,N/A,N/A,N/A,N/A,N/A
32,N/A,N/A,N/A,N/A,N/A,N/A,N/A,N/A,N/A,N/A,N/A,N/A,N/A,N/A,N/A,N/A,N/A,N/A,N/A,N/A,N/A,N/A,N/A,N/A,N/A,N/A,N/A,N/A,N/A,N/A,N/A,N/A,N/A,N/A,N/A,N/A,N/A,N/A,N/A,N/A,N/A,N/A,N/A,N/A,N/A,N/A,N/A,N/A,N/A,N/A,N/A,N/A,N/A,N/A,N/A,N/A,N/A,N/A,N/A,N/A,N/A,N/A,N/A,N/A,N/A,N/A,N/A,N/A,N/A,N/A,N/A,N/A,N/A,N/A,N/A,N/A,N/A,N/A,N/A,N/A,N/A,N/A,N/A,N/A,N/A,N/A,N/A,N/A,N/A,N/A,N/A,N/A,N/A,N/A,N/A,N/A,N/A,N/A,N/A,N/A,N/A,N/A,N/A,N/A
33,N/A,N/A,N/A,N/A,N/A,N/A,N/A,N/A,N/A,N/A,N/A,N/A,N/A,N/A,N/A,N/A,N/A,N/A,N/A,N/A,N/A,N/A,N/A,N/A,N/A,N/A,N/A,N/A,N/A,N/A,N/A,N/A,N/A,N/A,N/A,N/A,N/A,N/A,N/A,N/A,N/A,N/A,N/A,N/A,N/A,N/A,N/A,N/A,N/A,N/A,N/A,N/A,N/A,N/A,N/A,N/A,N/A,N/A,N/A,N/A,N/A,N/A,N/A,N/A,N/A,N/A,N/A,N/A,N/A,N/A,N/A,N/A,N/A,N/A,N/A,N/A,N/A,N/A,N/A,N/A,N/A,N/A,N/A,N/A,N/A,N/A,N/A,N/A,N/A,N/A,N/A,N/A,N/A,N/A,N/A,N/A,N/A,N/A,N/A,N/A,N/A,N/A,N/A,N/A
34,N/A,N/A,N/A,N/A,N/A,N/A,N/A,N/A,N/A,N/A,N/A,N/A,N/A,N/A,N/A,N/A,N/A,N/A,N/A,N/A,N/A,N/A,N/A,N/A,N/A,N/A,N/A,N/A,N/A,N/A,N/A,N/A,N/A,N/A,N/A,N/A,N/A,N/A,N/A,N/A,N/A,N/A,N/A,N/A,N/A,N/A,N/A,N/A,N/A,N/A,N/A,N/A,N/A,N/A,N/A,N/A,N/A,N/A,N/A,N/A,N/A,N/A,N/A,N/A,N/A,N/A,N/A,N/A,N/A,N/A,N/A,N/A,N/A,N/A,N/A,N/A,N/A,N/A,N/A,N/A,N/A,N/A,N/A,N/A,N/A,N/A,N/A,N/A,N/A,N/A,N/A,N/A,N/A,N/A,N/A,N/A,N/A,N/A,N/A,N/A,N/A,N/A,N/A,N/A
35,0.871207594871521,0.5139224529266357,0.0,0.6281917691230774,0.25384411215782166,0.5227193832397461,0.7252867221832275,0.0,0.4773271977901459,0.1115754246711731,0.47543472051620483,0.2823046147823334,0.46331632137298584,0.4928179085254669,0.5166592597961426,0.48248979449272156,0.17119979858398438,0.5228146910667419,0.4312596023082733,0.3658657371997833,0.4125646948814392,0.6870710849761963,0.43083682656288147,0.001384622068144381,0.5085908770561218,0.44624799489974976,0.06574590504169464,0.2463364601135254,0.5171933770179749,0.7195361256599426,0.7850901484489441,0.5214076042175293,0.7132158875465393,0.5075265169143677,0.3595033884048462,0.5986998081207275,0.5976821184158325,0.663771390914917,0.2694624066352844,0.7296070456504822,0.49995869398117065,0.6793521642684937,0.7318665981292725,0.0005388965364545584,0.5644211173057556,0.45013538002967834,0.45178571343421936,0.23979508876800537,0.47743624448776245,0.3223874568939209,0.23983223736286163,0.23330055177211761,0.4339536130428314,0.4703294038772583,0.3890298306941986,0.7065302729606628,0.6419100761413574,0.46122264862060547,0.5862846374511719,0.8121518492698669,0.00032303915941156447,0.33469927310943604,0.1868579387664795,0.4972115159034729,0.6275122165679932,0.6543146371841431,0.7113723158836365,0.46854811906814575,0.43754541873931885,0.0917934849858284,0.575641930103302,0.4892493486404419,0.5396782755851746,0.7334117889404297,0.0,0.4749804139137268,0.38560670614242554,0.2720487713813782,0.7405747175216675,0.6615498065948486,0.4717082977294922,0.5245950818061829,0.6533086895942688,0.292346715927124,0.7844847440719604,0.776202380657196,0.0,0.8486184477806091,0.6843847036361694,0.4772558808326721,0.5301252603530884,0.4480770528316498,0.6990886926651001,0.4103117287158966,0.46299782395362854,0.781467616558075,0.7091250419616699,0.0,0.23514628410339355,0.44859370589256287,0.0,0.27158910036087036,0.06413287669420242,0.04222552105784416
36,N/A,N/A,N/A,N/A,N/A,N/A,N/A,N/A,N/A,N/A,N/A,N/A,N/A,N/A,N/A,N/A,N/A,N/A,N/A,N/A,N/A,N/A,N/A,N/A,N/A,N/A,N/A,N/A,N/A,N/A,N/A,N/A,N/A,N/A,N/A,N/A,N/A,N/A,N/A,N/A,N/A,N/A,N/A,N/A,N/A,N/A,N/A,N/A,N/A,N/A,N/A,N/A,N/A,N/A,N/A,N/A,N/A,N/A,N/A,N/A,N/A,N/A,N/A,N/A,N/A,N/A,N/A,N/A,N/A,N/A,N/A,N/A,N/A,N/A,N/A,N/A,N/A,N/A,N/A,N/A,N/A,N/A,N/A,N/A,N/A,N/A,N/A,N/A,N/A,N/A,N/A,N/A,N/A,N/A,N/A,N/A,N/A,N/A,N/A,N/A,N/A,N/A,N/A,N/A
37,N/A,N/A,N/A,N/A,N/A,N/A,N/A,N/A,N/A,N/A,N/A,N/A,N/A,N/A,N/A,N/A,N/A,N/A,N/A,N/A,N/A,N/A,N/A,N/A,N/A,N/A,N/A,N/A,N/A,N/A,N/A,N/A,N/A,N/A,N/A,N/A,N/A,N/A,N/A,N/A,N/A,N/A,N/A,N/A,N/A,N/A,N/A,N/A,N/A,N/A,N/A,N/A,N/A,N/A,N/A,N/A,N/A,N/A,N/A,N/A,N/A,N/A,N/A,N/A,N/A,N/A,N/A,N/A,N/A,N/A,N/A,N/A,N/A,N/A,N/A,N/A,N/A,N/A,N/A,N/A,N/A,N/A,N/A,N/A,N/A,N/A,N/A,N/A,N/A,N/A,N/A,N/A,N/A,N/A,N/A,N/A,N/A,N/A,N/A,N/A,N/A,N/A,N/A,N/A
38,N/A,N/A,N/A,N/A,N/A,N/A,N/A,N/A,N/A,N/A,N/A,N/A,N/A,N/A,N/A,N/A,N/A,N/A,N/A,N/A,N/A,N/A,N/A,N/A,N/A,N/A,N/A,N/A,N/A,N/A,N/A,N/A,N/A,N/A,N/A,N/A,N/A,N/A,N/A,N/A,N/A,N/A,N/A,N/A,N/A,N/A,N/A,N/A,N/A,N/A,N/A,N/A,N/A,N/A,N/A,N/A,N/A,N/A,N/A,N/A,N/A,N/A,N/A,N/A,N/A,N/A,N/A,N/A,N/A,N/A,N/A,N/A,N/A,N/A,N/A,N/A,N/A,N/A,N/A,N/A,N/A,N/A,N/A,N/A,N/A,N/A,N/A,N/A,N/A,N/A,N/A,N/A,N/A,N/A,N/A,N/A,N/A,N/A,N/A,N/A,N/A,N/A,N/A,N/A
39,N/A,N/A,N/A,N/A,N/A,N/A,N/A,N/A,N/A,N/A,N/A,N/A,N/A,N/A,N/A,N/A,N/A,N/A,N/A,N/A,N/A,N/A,N/A,N/A,N/A,N/A,N/A,N/A,N/A,N/A,N/A,N/A,N/A,N/A,N/A,N/A,N/A,N/A,N/A,N/A,N/A,N/A,N/A,N/A,N/A,N/A,N/A,N/A,N/A,N/A,N/A,N/A,N/A,N/A,N/A,N/A,N/A,N/A,N/A,N/A,N/A,N/A,N/A,N/A,N/A,N/A,N/A,N/A,N/A,N/A,N/A,N/A,N/A,N/A,N/A,N/A,N/A,N/A,N/A,N/A,N/A,N/A,N/A,N/A,N/A,N/A,N/A,N/A,N/A,N/A,N/A,N/A,N/A,N/A,N/A,N/A,N/A,N/A,N/A,N/A,N/A,N/A,N/A,N/A
40,0.8726385831832886,0.5032232999801636,0.0,0.6437088251113892,0.28235888481140137,0.5462203621864319,0.683412492275238,0.0,0.4620344638824463,0.1307240128517151,0.47796162962913513,0.27111977338790894,0.4857816696166992,0.4276202321052551,0.5215955972671509,0.5138434767723083,0.16638892889022827,0.5326593518257141,0.3956053853034973,0.39465072751045227,0.4319256544113159,0.5967987179756165,0.518022894859314,0.0400720089673996,0.5144544839859009,0.4371946454048157,0.0,0.2345750629901886,0.5254120826721191,0.7733974456787109,0.7776634097099304,0.4918142855167389,0.7140610814094543,0.5236954689025879,0.28868961334228516,0.5917989015579224,0.5328360795974731,0.7144853472709656,0.26611584424972534,0.7352162003517151,0.4973670244216919,0.6825029850006104,0.80040043592453,0.0034437780268490314,0.6005778908729553,0.54757159948349,0.4494374990463257,0.20719940960407257,0.47402194142341614,0.27359792590141296,0.2577179968357086,0.22912922501564026,0.3989134430885315,0.486410915851593,0.3951992690563202,0.7361297011375427,0.6586592793464661,0.4052640199661255,0.5906476378440857,0.8269955515861511,0.0,0.31416136026382446,0.19251161813735962,0.6231733560562134,0.6104609966278076,0.645384669303894,0.7470883131027222,0.4607018530368805,0.5417512059211731,0.09954121708869934,0.5736734867095947,0.6108899116516113,0.6391748189926147,0.7257382273674011,0.0,0.4911465346813202,0.36001092195510864,0.2594357430934906,0.7492095232009888,0.7054911255836487,0.43621280789375305,0.5527541637420654,0.675508439540863,0.23013870418071747,0.7840549945831299,0.758678674697876,0.0,0.8456690907478333,0.699242353439331,0.4207834005355835,0.4217895269393921,0.49038782715797424,0.6829681396484375,0.46053415536880493,0.5038261413574219,0.8013134598731995,0.6827979683876038,0.0,0.21311579644680023,0.27244871854782104,0.0,0.23683856427669525,0.003827267326414585,0.04571731761097908
41,N/A,N/A,N/A,N/A,N/A,N/A,N/A,N/A,N/A,N/A,N/A,N/A,N/A,N/A,N/A,N/A,N/A,N/A,N/A,N/A,N/A,N/A,N/A,N/A,N/A,N/A,N/A,N/A,N/A,N/A,N/A,N/A,N/A,N/A,N/A,N/A,N/A,N/A,N/A,N/A,N/A,N/A,N/A,N/A,N/A,N/A,N/A,N/A,N/A,N/A,N/A,N/A,N/A,N/A,N/A,N/A,N/A,N/A,N/A,N/A,N/A,N/A,N/A,N/A,N/A,N/A,N/A,N/A,N/A,N/A,N/A,N/A,N/A,N/A,N/A,N/A,N/A,N/A,N/A,N/A,N/A,N/A,N/A,N/A,N/A,N/A,N/A,N/A,N/A,N/A,N/A,N/A,N/A,N/A,N/A,N/A,N/A,N/A,N/A,N/A,N/A,N/A,N/A,N/A
42,N/A,N/A,N/A,N/A,N/A,N/A,N/A,N/A,N/A,N/A,N/A,N/A,N/A,N/A,N/A,N/A,N/A,N/A,N/A,N/A,N/A,N/A,N/A,N/A,N/A,N/A,N/A,N/A,N/A,N/A,N/A,N/A,N/A,N/A,N/A,N/A,N/A,N/A,N/A,N/A,N/A,N/A,N/A,N/A,N/A,N/A,N/A,N/A,N/A,N/A,N/A,N/A,N/A,N/A,N/A,N/A,N/A,N/A,N/A,N/A,N/A,N/A,N/A,N/A,N/A,N/A,N/A,N/A,N/A,N/A,N/A,N/A,N/A,N/A,N/A,N/A,N/A,N/A,N/A,N/A,N/A,N/A,N/A,N/A,N/A,N/A,N/A,N/A,N/A,N/A,N/A,N/A,N/A,N/A,N/A,N/A,N/A,N/A,N/A,N/A,N/A,N/A,N/A,N/A
43,N/A,N/A,N/A,N/A,N/A,N/A,N/A,N/A,N/A,N/A,N/A,N/A,N/A,N/A,N/A,N/A,N/A,N/A,N/A,N/A,N/A,N/A,N/A,N/A,N/A,N/A,N/A,N/A,N/A,N/A,N/A,N/A,N/A,N/A,N/A,N/A,N/A,N/A,N/A,N/A,N/A,N/A,N/A,N/A,N/A,N/A,N/A,N/A,N/A,N/A,N/A,N/A,N/A,N/A,N/A,N/A,N/A,N/A,N/A,N/A,N/A,N/A,N/A,N/A,N/A,N/A,N/A,N/A,N/A,N/A,N/A,N/A,N/A,N/A,N/A,N/A,N/A,N/A,N/A,N/A,N/A,N/A,N/A,N/A,N/A,N/A,N/A,N/A,N/A,N/A,N/A,N/A,N/A,N/A,N/A,N/A,N/A,N/A,N/A,N/A,N/A,N/A,N/A,N/A
44,N/A,N/A,N/A,N/A,N/A,N/A,N/A,N/A,N/A,N/A,N/A,N/A,N/A,N/A,N/A,N/A,N/A,N/A,N/A,N/A,N/A,N/A,N/A,N/A,N/A,N/A,N/A,N/A,N/A,N/A,N/A,N/A,N/A,N/A,N/A,N/A,N/A,N/A,N/A,N/A,N/A,N/A,N/A,N/A,N/A,N/A,N/A,N/A,N/A,N/A,N/A,N/A,N/A,N/A,N/A,N/A,N/A,N/A,N/A,N/A,N/A,N/A,N/A,N/A,N/A,N/A,N/A,N/A,N/A,N/A,N/A,N/A,N/A,N/A,N/A,N/A,N/A,N/A,N/A,N/A,N/A,N/A,N/A,N/A,N/A,N/A,N/A,N/A,N/A,N/A,N/A,N/A,N/A,N/A,N/A,N/A,N/A,N/A,N/A,N/A,N/A,N/A,N/A,N/A
45,0.8750454783439636,0.5285905599594116,0.0,0.5930049419403076,0.25330960750579834,0.5560085773468018,0.6962986588478088,0.0,0.48193538188934326,0.14105775952339172,0.48089393973350525,0.30614572763442993,0.4696269631385803,0.4442776143550873,0.5441190004348755,0.4813356399536133,0.16414809226989746,0.5529380440711975,0.3624475598335266,0.42189866304397583,0.4402340054512024,0.5914368629455566,0.5548998713493347,0.05353904888033867,0.5585548877716064,0.41064777970314026,0.0650530606508255,0.1936884969472885,0.4890761375427246,0.7586135864257812,0.796028733253479,0.5286704301834106,0.7204282283782959,0.5099520683288574,0.3505684435367584,0.5857431888580322,0.5370385646820068,0.7104032039642334,0.25100821256637573,0.7568780779838562,0.48620522022247314,0.6794933676719666,0.8236010670661926,0.03490560129284859,0.5700028538703918,0.5196394324302673,0.4303099513053894,0.23706817626953125,0.4735202491283417,0.33633872866630554,0.23501409590244293,0.17452862858772278,0.41579902172088623,0.41853269934654236,0.4130695164203644,0.7140198945999146,0.6170198321342468,0.4216359555721283,0.5941585302352905,0.8188636302947998,0.0,0.32003745436668396,0.18733584880828857,0.600365936756134,0.6057214736938477,0.6350329518318176,0.7276927828788757,0.4681510329246521,0.5344757437705994,0.10255900770425797,0.5155447721481323,0.5771144032478333,0.5339623689651489,0.7388315796852112,0.0,0.5085794925689697,0.3212592899799347,0.20407728850841522,0.7678229212760925,0.6717882752418518,0.4890933632850647,0.5006380081176758,0.647817850112915,0.254218190908432,0.7931541800498962,0.7395422458648682,0.0,0.8582017421722412,0.7023468613624573,0.47865885496139526,0.5077447295188904,0.49325817823410034,0.6896381974220276,0.44044578075408936,0.48996296525001526,0.7961484789848328,0.7069634795188904,0.0,0.2922631502151489,0.3207174837589264,0.0,0.23726233839988708,0.046938758343458176,0.043183062225580215
46,N/A,N/A,N/A,N/A,N/A,N/A,N/A,N/A,N/A,N/A,N/A,N/A,N/A,N/A,N/A,N/A,N/A,N/A,N/A,N/A,N/A,N/A,N/A,N/A,N/A,N/A,N/A,N/A,N/A,N/A,N/A,N/A,N/A,N/A,N/A,N/A,N/A,N/A,N/A,N/A,N/A,N/A,N/A,N/A,N/A,N/A,N/A,N/A,N/A,N/A,N/A,N/A,N/A,N/A,N/A,N/A,N/A,N/A,N/A,N/A,N/A,N/A,N/A,N/A,N/A,N/A,N/A,N/A,N/A,N/A,N/A,N/A,N/A,N/A,N/A,N/A,N/A,N/A,N/A,N/A,N/A,N/A,N/A,N/A,N/A,N/A,N/A,N/A,N/A,N/A,N/A,N/A,N/A,N/A,N/A,N/A,N/A,N/A,N/A,N/A,N/A,N/A,N/A,N/A
47,N/A,N/A,N/A,N/A,N/A,N/A,N/A,N/A,N/A,N/A,N/A,N/A,N/A,N/A,N/A,N/A,N/A,N/A,N/A,N/A,N/A,N/A,N/A,N/A,N/A,N/A,N/A,N/A,N/A,N/A,N/A,N/A,N/A,N/A,N/A,N/A,N/A,N/A,N/A,N/A,N/A,N/A,N/A,N/A,N/A,N/A,N/A,N/A,N/A,N/A,N/A,N/A,N/A,N/A,N/A,N/A,N/A,N/A,N/A,N/A,N/A,N/A,N/A,N/A,N/A,N/A,N/A,N/A,N/A,N/A,N/A,N/A,N/A,N/A,N/A,N/A,N/A,N/A,N/A,N/A,N/A,N/A,N/A,N/A,N/A,N/A,N/A,N/A,N/A,N/A,N/A,N/A,N/A,N/A,N/A,N/A,N/A,N/A,N/A,N/A,N/A,N/A,N/A,N/A
48,N/A,N/A,N/A,N/A,N/A,N/A,N/A,N/A,N/A,N/A,N/A,N/A,N/A,N/A,N/A,N/A,N/A,N/A,N/A,N/A,N/A,N/A,N/A,N/A,N/A,N/A,N/A,N/A,N/A,N/A,N/A,N/A,N/A,N/A,N/A,N/A,N/A,N/A,N/A,N/A,N/A,N/A,N/A,N/A,N/A,N/A,N/A,N/A,N/A,N/A,N/A,N/A,N/A,N/A,N/A,N/A,N/A,N/A,N/A,N/A,N/A,N/A,N/A,N/A,N/A,N/A,N/A,N/A,N/A,N/A,N/A,N/A,N/A,N/A,N/A,N/A,N/A,N/A,N/A,N/A,N/A,N/A,N/A,N/A,N/A,N/A,N/A,N/A,N/A,N/A,N/A,N/A,N/A,N/A,N/A,N/A,N/A,N/A,N/A,N/A,N/A,N/A,N/A,N/A
49,N/A,N/A,N/A,N/A,N/A,N/A,N/A,N/A,N/A,N/A,N/A,N/A,N/A,N/A,N/A,N/A,N/A,N/A,N/A,N/A,N/A,N/A,N/A,N/A,N/A,N/A,N/A,N/A,N/A,N/A,N/A,N/A,N/A,N/A,N/A,N/A,N/A,N/A,N/A,N/A,N/A,N/A,N/A,N/A,N/A,N/A,N/A,N/A,N/A,N/A,N/A,N/A,N/A,N/A,N/A,N/A,N/A,N/A,N/A,N/A,N/A,N/A,N/A,N/A,N/A,N/A,N/A,N/A,N/A,N/A,N/A,N/A,N/A,N/A,N/A,N/A,N/A,N/A,N/A,N/A,N/A,N/A,N/A,N/A,N/A,N/A,N/A,N/A,N/A,N/A,N/A,N/A,N/A,N/A,N/A,N/A,N/A,N/A,N/A,N/A,N/A,N/A,N/A,N/A
50,0.8803848624229431,0.5179012417793274,0.0,0.6329512596130371,0.23702919483184814,0.5697184205055237,0.7146344780921936,0.0,0.47013506293296814,0.12875406444072723,0.48011380434036255,0.28566646575927734,0.5112069249153137,0.4739495813846588,0.5536918044090271,0.5150803327560425,0.1762412041425705,0.5415986776351929,0.3434794247150421,0.30754998326301575,0.4264262020587921,0.5861303806304932,0.5231258869171143,0.0040916264988482,0.5496906638145447,0.43657049536705017,0.0031256256625056267,0.20817828178405762,0.5316367149353027,0.7383760809898376,0.8104226589202881,0.5216104984283447,0.727472722530365,0.5080452561378479,0.30779436230659485,0.5849475264549255,0.5498610138893127,0.7139997482299805,0.2629075050354004,0.7435861825942993,0.4730549454689026,0.7021787166595459,0.7796118259429932,0.051097672432661057,0.5953853726387024,0.5747891664505005,0.472697377204895,0.2363012284040451,0.4459880590438843,0.2803763151168823,0.23216845095157623,0.23066715896129608,0.42069968581199646,0.4277888536453247,0.38058754801750183,0.7188125848770142,0.6516435742378235,0.3830382823944092,0.5972933769226074,0.8377488851547241,0.0,0.32514289021492004,0.1720390021800995,0.6165075302124023,0.6145215630531311,0.6482356786727905,0.74672931432724,0.4501309394836426,0.5140447616577148,0.09434056282043457,0.5669988393783569,0.4919380247592926,0.5883492231369019,0.7470454573631287,0.0,0.5324240326881409,0.36291271448135376,0.21781274676322937,0.7301238179206848,0.6879732012748718,0.4934816360473633,0.4538973569869995,0.6745959520339966,0.31427350640296936,0.7640905380249023,0.7790009379386902,0.0,0.852769136428833,0.6308620572090149,0.48305436968803406,0.5003028512001038,0.3764844834804535,0.7041413187980652,0.4635094106197357,0.4898777902126312,0.7966658473014832,0.7079364061355591,0.0,0.2608463168144226,0.38543179631233215,0.0,0.24539270997047424,0.006858665496110916,0.05131026729941368
51,N/A,N/A,N/A,N/A,N/A,N/A,N/A,N/A,N/A,N/A,N/A,N/A,N/A,N/A,N/A,N/A,N/A,N/A,N/A,N/A,N/A,N/A,N/A,N/A,N/A,N/A,N/A,N/A,N/A,N/A,N/A,N/A,N/A,N/A,N/A,N/A,N/A,N/A,N/A,N/A,N/A,N/A,N/A,N/A,N/A,N/A,N/A,N/A,N/A,N/A,N/A,N/A,N/A,N/A,N/A,N/A,N/A,N/A,N/A,N/A,N/A,N/A,N/A,N/A,N/A,N/A,N/A,N/A,N/A,N/A,N/A,N/A,N/A,N/A,N/A,N/A,N/A,N/A,N/A,N/A,N/A,N/A,N/A,N/A,N/A,N/A,N/A,N/A,N/A,N/A,N/A,N/A,N/A,N/A,N/A,N/A,N/A,N/A,N/A,N/A,N/A,N/A,N/A,N/A
52,N/A,N/A,N/A,N/A,N/A,N/A,N/A,N/A,N/A,N/A,N/A,N/A,N/A,N/A,N/A,N/A,N/A,N/A,N/A,N/A,N/A,N/A,N/A,N/A,N/A,N/A,N/A,N/A,N/A,N/A,N/A,N/A,N/A,N/A,N/A,N/A,N/A,N/A,N/A,N/A,N/A,N/A,N/A,N/A,N/A,N/A,N/A,N/A,N/A,N/A,N/A,N/A,N/A,N/A,N/A,N/A,N/A,N/A,N/A,N/A,N/A,N/A,N/A,N/A,N/A,N/A,N/A,N/A,N/A,N/A,N/A,N/A,N/A,N/A,N/A,N/A,N/A,N/A,N/A,N/A,N/A,N/A,N/A,N/A,N/A,N/A,N/A,N/A,N/A,N/A,N/A,N/A,N/A,N/A,N/A,N/A,N/A,N/A,N/A,N/A,N/A,N/A,N/A,N/A
53,N/A,N/A,N/A,N/A,N/A,N/A,N/A,N/A,N/A,N/A,N/A,N/A,N/A,N/A,N/A,N/A,N/A,N/A,N/A,N/A,N/A,N/A,N/A,N/A,N/A,N/A,N/A,N/A,N/A,N/A,N/A,N/A,N/A,N/A,N/A,N/A,N/A,N/A,N/A,N/A,N/A,N/A,N/A,N/A,N/A,N/A,N/A,N/A,N/A,N/A,N/A,N/A,N/A,N/A,N/A,N/A,N/A,N/A,N/A,N/A,N/A,N/A,N/A,N/A,N/A,N/A,N/A,N/A,N/A,N/A,N/A,N/A,N/A,N/A,N/A,N/A,N/A,N/A,N/A,N/A,N/A,N/A,N/A,N/A,N/A,N/A,N/A,N/A,N/A,N/A,N/A,N/A,N/A,N/A,N/A,N/A,N/A,N/A,N/A,N/A,N/A,N/A,N/A,N/A
54,N/A,N/A,N/A,N/A,N/A,N/A,N/A,N/A,N/A,N/A,N/A,N/A,N/A,N/A,N/A,N/A,N/A,N/A,N/A,N/A,N/A,N/A,N/A,N/A,N/A,N/A,N/A,N/A,N/A,N/A,N/A,N/A,N/A,N/A,N/A,N/A,N/A,N/A,N/A,N/A,N/A,N/A,N/A,N/A,N/A,N/A,N/A,N/A,N/A,N/A,N/A,N/A,N/A,N/A,N/A,N/A,N/A,N/A,N/A,N/A,N/A,N/A,N/A,N/A,N/A,N/A,N/A,N/A,N/A,N/A,N/A,N/A,N/A,N/A,N/A,N/A,N/A,N/A,N/A,N/A,N/A,N/A,N/A,N/A,N/A,N/A,N/A,N/A,N/A,N/A,N/A,N/A,N/A,N/A,N/A,N/A,N/A,N/A,N/A,N/A,N/A,N/A,N/A,N/A
55,0.892855703830719,0.5142014026641846,0.0,0.64467853307724,0.3109956979751587,0.4413314163684845,0.7964355945587158,0.0,0.46342703700065613,0.1394576132297516,0.4756258726119995,0.28594857454299927,0.4998757541179657,0.4965910315513611,0.5126108527183533,0.5315415263175964,0.09022780507802963,0.5163928270339966,0.37264683842658997,0.30050957202911377,0.4066668450832367,0.5961303114891052,0.5231963992118835,0.0,0.5765690803527832,0.42117437720298767,0.07299800217151642,0.20192477107048035,0.49800342321395874,0.79852694272995,0.8087777495384216,0.5202968120574951,0.7165418267250061,0.5065755844116211,0.3133758008480072,0.5660205483436584,0.5402722954750061,0.6958522796630859,0.22956717014312744,0.7590327262878418,0.49765539169311523,0.723321259021759,0.8200168609619141,0.07226086407899857,0.5317837595939636,0.5047269463539124,0.4499991536140442,0.18562692403793335,0.4251912236213684,0.3399234712123871,0.26998594403266907,0.2699408233165741,0.42967817187309265,0.4518285095691681,0.4005562961101532,0.746063232421875,0.6473280787467957,0.39523643255233765,0.5920584201812744,0.8448671698570251,0.0,0.3100368082523346,0.18292175233364105,0.485850065946579,0.6135352253913879,0.6377778649330139,0.7470722794532776,0.4544079899787903,0.3299381136894226,0.12577639520168304,0.5662974119186401,0.5334508419036865,0.6602674722671509,0.7380726933479309,0.0,0.5124625563621521,0.3843110203742981,0.22999420762062073,0.7641623020172119,0.6201494932174683,0.495233952999115,0.5012797713279724,0.6255171895027161,0.3190622329711914,0.8098600506782532,0.7988079786300659,0.0,0.8422514200210571,0.7046310305595398,0.4958169460296631,0.49803194403648376,0.453414648771286,0.689748227596283,0.4557752013206482,0.4965820610523224,0.790520429611206,0.72725909948349,0.0,0.25556862354278564,0.4041749835014343,0.0,0.20623724162578583,0.021871032193303108,0.04845298454165459
56,N/A,N/A,N/A,N/A,N/A,N/A,N/A,N/A,N/A,N/A,N/A,N/A,N/A,N/A,N/A,N/A,N/A,N/A,N/A,N/A,N/A,N/A,N/A,N/A,N/A,N/A,N/A,N/A,N/A,N/A,N/A,N/A,N/A,N/A,N/A,N/A,N/A,N/A,N/A,N/A,N/A,N/A,N/A,N/A,N/A,N/A,N/A,N/A,N/A,N/A,N/A,N/A,N/A,N/A,N/A,N/A,N/A,N/A,N/A,N/A,N/A,N/A,N/A,N/A,N/A,N/A,N/A,N/A,N/A,N/A,N/A,N/A,N/A,N/A,N/A,N/A,N/A,N/A,N/A,N/A,N/A,N/A,N/A,N/A,N/A,N/A,N/A,N/A,N/A,N/A,N/A,N/A,N/A,N/A,N/A,N/A,N/A,N/A,N/A,N/A,N/A,N/A,N/A,N/A
57,N/A,N/A,N/A,N/A,N/A,N/A,N/A,N/A,N/A,N/A,N/A,N/A,N/A,N/A,N/A,N/A,N/A,N/A,N/A,N/A,N/A,N/A,N/A,N/A,N/A,N/A,N/A,N/A,N/A,N/A,N/A,N/A,N/A,N/A,N/A,N/A,N/A,N/A,N/A,N/A,N/A,N/A,N/A,N/A,N/A,N/A,N/A,N/A,N/A,N/A,N/A,N/A,N/A,N/A,N/A,N/A,N/A,N/A,N/A,N/A,N/A,N/A,N/A,N/A,N/A,N/A,N/A,N/A,N/A,N/A,N/A,N/A,N/A,N/A,N/A,N/A,N/A,N/A,N/A,N/A,N/A,N/A,N/A,N/A,N/A,N/A,N/A,N/A,N/A,N/A,N/A,N/A,N/A,N/A,N/A,N/A,N/A,N/A,N/A,N/A,N/A,N/A,N/A,N/A
58,N/A,N/A,N/A,N/A,N/A,N/A,N/A,N/A,N/A,N/A,N/A,N/A,N/A,N/A,N/A,N/A,N/A,N/A,N/A,N/A,N/A,N/A,N/A,N/A,N/A,N/A,N/A,N/A,N/A,N/A,N/A,N/A,N/A,N/A,N/A,N/A,N/A,N/A,N/A,N/A,N/A,N/A,N/A,N/A,N/A,N/A,N/A,N/A,N/A,N/A,N/A,N/A,N/A,N/A,N/A,N/A,N/A,N/A,N/A,N/A,N/A,N/A,N/A,N/A,N/A,N/A,N/A,N/A,N/A,N/A,N/A,N/A,N/A,N/A,N/A,N/A,N/A,N/A,N/A,N/A,N/A,N/A,N/A,N/A,N/A,N/A,N/A,N/A,N/A,N/A,N/A,N/A,N/A,N/A,N/A,N/A,N/A,N/A,N/A,N/A,N/A,N/A,N/A,N/A
59,N/A,N/A,N/A,N/A,N/A,N/A,N/A,N/A,N/A,N/A,N/A,N/A,N/A,N/A,N/A,N/A,N/A,N/A,N/A,N/A,N/A,N/A,N/A,N/A,N/A,N/A,N/A,N/A,N/A,N/A,N/A,N/A,N/A,N/A,N/A,N/A,N/A,N/A,N/A,N/A,N/A,N/A,N/A,N/A,N/A,N/A,N/A,N/A,N/A,N/A,N/A,N/A,N/A,N/A,N/A,N/A,N/A,N/A,N/A,N/A,N/A,N/A,N/A,N/A,N/A,N/A,N/A,N/A,N/A,N/A,N/A,N/A,N/A,N/A,N/A,N/A,N/A,N/A,N/A,N/A,N/A,N/A,N/A,N/A,N/A,N/A,N/A,N/A,N/A,N/A,N/A,N/A,N/A,N/A,N/A,N/A,N/A,N/A,N/A,N/A,N/A,N/A,N/A,N/A
60,0.8821635842323303,0.5195444822311401,0.0,0.6566896438598633,0.23031756281852722,0.5526822209358215,0.6979770660400391,0.0,0.4375154972076416,0.13636140525341034,0.48568418622016907,0.2902165651321411,0.5073139071464539,0.5007538199424744,0.5572671294212341,0.511789083480835,0.12767909467220306,0.6053451895713806,0.4354592561721802,0.3663118779659271,0.41488274931907654,0.6379595994949341,0.5282244086265564,0.008022723719477654,0.5649027824401855,0.42353665828704834,0.003669947851449251,0.218999981880188,0.523311972618103,0.7977842688560486,0.7930469512939453,0.5229545831680298,0.7507052421569824,0.5081542134284973,0.17943932116031647,0.6349152326583862,0.521982729434967,0.6936346292495728,0.2516830265522003,0.7677661776542664,0.512670636177063,0.6854723691940308,0.8412906527519226,0.1320016235113144,0.5664916038513184,0.5402735471725464,0.4530037045478821,0.20612521469593048,0.4665588438510895,0.311881959438324,0.22800341248512268,0.2527555823326111,0.4184422194957733,0.4685667157173157,0.38354986906051636,0.7348670959472656,0.6355879306793213,0.3791520595550537,0.5909428000450134,0.8048071265220642,0.00034779886482283473,0.3530813157558441,0.1613345444202423,0.6042615175247192,0.6214005947113037,0.642706573009491,0.6979321241378784,0.45213770866394043,0.4727846384048462,0.07340637594461441,0.5642379522323608,0.5681045651435852,0.49132585525512695,0.7409729361534119,0.0,0.5258656144142151,0.3697414696216583,0.2323424220085144,0.7718604207038879,0.6836853623390198,0.4842793941497803,0.5355693697929382,0.6773291826248169,0.28737929463386536,0.7815126776695251,0.7322648167610168,0.0,0.8535706996917725,0.6892284750938416,0.4783961772918701,0.5000430941581726,0.47300952672958374,0.6969224810600281,0.4470485746860504,0.475441575050354,0.788051426410675,0.7132957577705383,0.0,0.2742456793785095,0.45654046535491943,0.0,0.264793336391449,0.020771155133843422,0.03754182159900665
61,N/A,N/A,N/A,N/A,N/A,N/A,N/A,N/A,N/A,N/A,N/A,N/A,N/A,N/A,N/A,N/A,N/A,N/A,N/A,N/A,N/A,N/A,N/A,N/A,N/A,N/A,N/A,N/A,N/A,N/A,N/A,N/A,N/A,N/A,N/A,N/A,N/A,N/A,N/A,N/A,N/A,N/A,N/A,N/A,N/A,N/A,N/A,N/A,N/A,N/A,N/A,N/A,N/A,N/A,N/A,N/A,N/A,N/A,N/A,N/A,N/A,N/A,N/A,N/A,N/A,N/A,N/A,N/A,N/A,N/A,N/A,N/A,N/A,N/A,N/A,N/A,N/A,N/A,N/A,N/A,N/A,N/A,N/A,N/A,N/A,N/A,N/A,N/A,N/A,N/A,N/A,N/A,N/A,N/A,N/A,N/A,N/A,N/A,N/A,N/A,N/A,N/A,N/A,N/A
62,N/A,N/A,N/A,N/A,N/A,N/A,N/A,N/A,N/A,N/A,N/A,N/A,N/A,N/A,N/A,N/A,N/A,N/A,N/A,N/A,N/A,N/A,N/A,N/A,N/A,N/A,N/A,N/A,N/A,N/A,N/A,N/A,N/A,N/A,N/A,N/A,N/A,N/A,N/A,N/A,N/A,N/A,N/A,N/A,N/A,N/A,N/A,N/A,N/A,N/A,N/A,N/A,N/A,N/A,N/A,N/A,N/A,N/A,N/A,N/A,N/A,N/A,N/A,N/A,N/A,N/A,N/A,N/A,N/A,N/A,N/A,N/A,N/A,N/A,N/A,N/A,N/A,N/A,N/A,N/A,N/A,N/A,N/A,N/A,N/A,N/A,N/A,N/A,N/A,N/A,N/A,N/A,N/A,N/A,N/A,N/A,N/A,N/A,N/A,N/A,N/A,N/A,N/A,N/A
63,N/A,N/A,N/A,N/A,N/A,N/A,N/A,N/A,N/A,N/A,N/A,N/A,N/A,N/A,N/A,N/A,N/A,N/A,N/A,N/A,N/A,N/A,N/A,N/A,N/A,N/A,N/A,N/A,N/A,N/A,N/A,N/A,N/A,N/A,N/A,N/A,N/A,N/A,N/A,N/A,N/A,N/A,N/A,N/A,N/A,N/A,N/A,N/A,N/A,N/A,N/A,N/A,N/A,N/A,N/A,N/A,N/A,N/A,N/A,N/A,N/A,N/A,N/A,N/A,N/A,N/A,N/A,N/A,N/A,N/A,N/A,N/A,N/A,N/A,N/A,N/A,N/A,N/A,N/A,N/A,N/A,N/A,N/A,N/A,N/A,N/A,N/A,N/A,N/A,N/A,N/A,N/A,N/A,N/A,N/A,N/A,N/A,N/A,N/A,N/A,N/A,N/A,N/A,N/A
64,N/A,N/A,N/A,N/A,N/A,N/A,N/A,N/A,N/A,N/A,N/A,N/A,N/A,N/A,N/A,N/A,N/A,N/A,N/A,N/A,N/A,N/A,N/A,N/A,N/A,N/A,N/A,N/A,N/A,N/A,N/A,N/A,N/A,N/A,N/A,N/A,N/A,N/A,N/A,N/A,N/A,N/A,N/A,N/A,N/A,N/A,N/A,N/A,N/A,N/A,N/A,N/A,N/A,N/A,N/A,N/A,N/A,N/A,N/A,N/A,N/A,N/A,N/A,N/A,N/A,N/A,N/A,N/A,N/A,N/A,N/A,N/A,N/A,N/A,N/A,N/A,N/A,N/A,N/A,N/A,N/A,N/A,N/A,N/A,N/A,N/A,N/A,N/A,N/A,N/A,N/A,N/A,N/A,N/A,N/A,N/A,N/A,N/A,N/A,N/A,N/A,N/A,N/A,N/A
65,0.8751195669174194,0.5159448385238647,0.0,0.6214318871498108,0.25862234830856323,0.5231741666793823,0.7052900791168213,0.0,0.4726950526237488,0.12723509967327118,0.4644048511981964,0.31266504526138306,0.47720256447792053,0.49073976278305054,0.5603071451187134,0.5225281715393066,0.15825863182544708,0.5279661417007446,0.4281564950942993,0.28692013025283813,0.43850016593933105,0.7122606039047241,0.5213119983673096,0.1300891488790512,0.49314695596694946,0.3809651732444763,0.043567098677158356,0.22185125946998596,0.4978139400482178,0.7801703810691833,0.7870491743087769,0.5057220458984375,0.7268545627593994,0.5158264636993408,0.2661217153072357,0.6145298480987549,0.5389309525489807,0.6885752081871033,0.21379055082798004,0.7285584807395935,0.5294031500816345,0.6349469423294067,0.8122286200523376,0.12188278883695602,0.5554066896438599,0.48059239983558655,0.4540278911590576,0.2376513034105301,0.45534008741378784,0.2836511731147766,0.23918932676315308,0.22975245118141174,0.4202556610107422,0.4604487717151642,0.3932051360607147,0.7254732251167297,0.6443092226982117,0.42439407110214233,0.5891027450561523,0.8354270458221436,0.0,0.3628977835178375,0.18025659024715424,0.5731744766235352,0.6051809191703796,0.6372305750846863,0.724768340587616,0.4455001652240753,0.3389030694961548,0.07956386357545853,0.5662955045700073,0.48491600155830383,0.6437785625457764,0.7460732460021973,0.0,0.481544554233551,0.3610338866710663,0.2900373041629791,0.7658619284629822,0.4916817545890808,0.4972800016403198,0.5162825584411621,0.6452044248580933,0.3006991446018219,0.7730443477630615,0.7008081078529358,0.0,0.8438518643379211,0.6573651432991028,0.4808577001094818,0.4934324622154236,0.47194913029670715,0.6790509819984436,0.4555705189704895,0.49658799171447754,0.7708051204681396,0.6844810247421265,0.0,0.2596805989742279,0.42585989832878113,0.0,0.2422550916671753,0.017011722549796104,0.05240669474005699
66,N/A,N/A,N/A,N/A,N/A,N/A,N/A,N/A,N/A,N/A,N/A,N/A,N/A,N/A,N/A,N/A,N/A,N/A,N/A,N/A,N/A,N/A,N/A,N/A,N/A,N/A,N/A,N/A,N/A,N/A,N/A,N/A,N/A,N/A,N/A,N/A,N/A,N/A,N/A,N/A,N/A,N/A,N/A,N/A,N/A,N/A,N/A,N/A,N/A,N/A,N/A,N/A,N/A,N/A,N/A,N/A,N/A,N/A,N/A,N/A,N/A,N/A,N/A,N/A,N/A,N/A,N/A,N/A,N/A,N/A,N/A,N/A,N/A,N/A,N/A,N/A,N/A,N/A,N/A,N/A,N/A,N/A,N/A,N/A,N/A,N/A,N/A,N/A,N/A,N/A,N/A,N/A,N/A,N/A,N/A,N/A,N/A,N/A,N/A,N/A,N/A,N/A,N/A,N/A
67,N/A,N/A,N/A,N/A,N/A,N/A,N/A,N/A,N/A,N/A,N/A,N/A,N/A,N/A,N/A,N/A,N/A,N/A,N/A,N/A,N/A,N/A,N/A,N/A,N/A,N/A,N/A,N/A,N/A,N/A,N/A,N/A,N/A,N/A,N/A,N/A,N/A,N/A,N/A,N/A,N/A,N/A,N/A,N/A,N/A,N/A,N/A,N/A,N/A,N/A,N/A,N/A,N/A,N/A,N/A,N/A,N/A,N/A,N/A,N/A,N/A,N/A,N/A,N/A,N/A,N/A,N/A,N/A,N/A,N/A,N/A,N/A,N/A,N/A,N/A,N/A,N/A,N/A,N/A,N/A,N/A,N/A,N/A,N/A,N/A,N/A,N/A,N/A,N/A,N/A,N/A,N/A,N/A,N/A,N/A,N/A,N/A,N/A,N/A,N/A,N/A,N/A,N/A,N/A
68,N/A,N/A,N/A,N/A,N/A,N/A,N/A,N/A,N/A,N/A,N/A,N/A,N/A,N/A,N/A,N/A,N/A,N/A,N/A,N/A,N/A,N/A,N/A,N/A,N/A,N/A,N/A,N/A,N/A,N/A,N/A,N/A,N/A,N/A,N/A,N/A,N/A,N/A,N/A,N/A,N/A,N/A,N/A,N/A,N/A,N/A,N/A,N/A,N/A,N/A,N/A,N/A,N/A,N/A,N/A,N/A,N/A,N/A,N/A,N/A,N/A,N/A,N/A,N/A,N/A,N/A,N/A,N/A,N/A,N/A,N/A,N/A,N/A,N/A,N/A,N/A,N/A,N/A,N/A,N/A,N/A,N/A,N/A,N/A,N/A,N/A,N/A,N/A,N/A,N/A,N/A,N/A,N/A,N/A,N/A,N/A,N/A,N/A,N/A,N/A,N/A,N/A,N/A,N/A
69,N/A,N/A,N/A,N/A,N/A,N/A,N/A,N/A,N/A,N/A,N/A,N/A,N/A,N/A,N/A,N/A,N/A,N/A,N/A,N/A,N/A,N/A,N/A,N/A,N/A,N/A,N/A,N/A,N/A,N/A,N/A,N/A,N/A,N/A,N/A,N/A,N/A,N/A,N/A,N/A,N/A,N/A,N/A,N/A,N/A,N/A,N/A,N/A,N/A,N/A,N/A,N/A,N/A,N/A,N/A,N/A,N/A,N/A,N/A,N/A,N/A,N/A,N/A,N/A,N/A,N/A,N/A,N/A,N/A,N/A,N/A,N/A,N/A,N/A,N/A,N/A,N/A,N/A,N/A,N/A,N/A,N/A,N/A,N/A,N/A,N/A,N/A,N/A,N/A,N/A,N/A,N/A,N/A,N/A,N/A,N/A,N/A,N/A,N/A,N/A,N/A,N/A,N/A,N/A
70,0.8977010250091553,0.5149245262145996,0.0,0.5956528782844543,0.22754675149917603,0.5529565811157227,0.7493689656257629,0.0,0.47611188888549805,0.14905337989330292,0.4855886995792389,0.3518841862678528,0.5301126837730408,0.49966293573379517,0.5858557820320129,0.5393145680427551,0.18428486585617065,0.6052718162536621,0.42214691638946533,0.38938918709754944,0.42690223455429077,0.6403053402900696,0.5430787801742554,0.06356212496757507,0.5072352886199951,0.4336063265800476,0.011209279298782349,0.202970951795578,0.5394297242164612,0.8051069974899292,0.8040980696678162,0.5181753039360046,0.73116534948349,0.5120366215705872,0.32917261123657227,0.6365760564804077,0.5785624980926514,0.7127228379249573,0.2510583698749542,0.7756519317626953,0.5167416930198669,0.6956625580787659,0.7995960712432861,0.07694903016090393,0.5722314119338989,0.4963444173336029,0.4527716040611267,0.2214026302099228,0.4742981195449829,0.3094426095485687,0.23632699251174927,0.2211354374885559,0.4269982576370239,0.4312668740749359,0.3664938807487488,0.7192793488502502,0.6440758109092712,0.3834409713745117,0.5926169157028198,0.8338195085525513,0.0,0.3689361810684204,0.19151978194713593,0.6219960451126099,0.6229850649833679,0.6432807445526123,0.7319865226745605,0.44336897134780884,0.5454791784286499,0.08007165044546127,0.5678956508636475,0.5267394781112671,0.6506496667861938,0.7459271550178528,0.0,0.5230568647384644,0.3557767868041992,0.21063944697380066,0.7726996541023254,0.6733160614967346,0.5119642615318298,0.5100506544113159,0.6941367387771606,0.2712131440639496,0.7920268177986145,0.7640355229377747,0.0,0.8653258681297302,0.7230265736579895,0.49381503462791443,0.47413375973701477,0.5018380880355835,0.6734784841537476,0.4212122857570648,0.4972146451473236,0.7943276762962341,0.7059433460235596,0.0,0.18659450113773346,0.32380685210227966,0.0,0.2908954322338104,0.004657989367842674,0.04043283313512802
71,N/A,N/A,N/A,N/A,N/A,N/A,N/A,N/A,N/A,N/A,N/A,N/A,N/A,N/A,N/A,N/A,N/A,N/A,N/A,N/A,N/A,N/A,N/A,N/A,N/A,N/A,N/A,N/A,N/A,N/A,N/A,N/A,N/A,N/A,N/A,N/A,N/A,N/A,N/A,N/A,N/A,N/A,N/A,N/A,N/A,N/A,N/A,N/A,N/A,N/A,N/A,N/A,N/A,N/A,N/A,N/A,N/A,N/A,N/A,N/A,N/A,N/A,N/A,N/A,N/A,N/A,N/A,N/A,N/A,N/A,N/A,N/A,N/A,N/A,N/A,N/A,N/A,N/A,N/A,N/A,N/A,N/A,N/A,N/A,N/A,N/A,N/A,N/A,N/A,N/A,N/A,N/A,N/A,N/A,N/A,N/A,N/A,N/A,N/A,N/A,N/A,N/A,N/A,N/A
72,N/A,N/A,N/A,N/A,N/A,N/A,N/A,N/A,N/A,N/A,N/A,N/A,N/A,N/A,N/A,N/A,N/A,N/A,N/A,N/A,N/A,N/A,N/A,N/A,N/A,N/A,N/A,N/A,N/A,N/A,N/A,N/A,N/A,N/A,N/A,N/A,N/A,N/A,N/A,N/A,N/A,N/A,N/A,N/A,N/A,N/A,N/A,N/A,N/A,N/A,N/A,N/A,N/A,N/A,N/A,N/A,N/A,N/A,N/A,N/A,N/A,N/A,N/A,N/A,N/A,N/A,N/A,N/A,N/A,N/A,N/A,N/A,N/A,N/A,N/A,N/A,N/A,N/A,N/A,N/A,N/A,N/A,N/A,N/A,N/A,N/A,N/A,N/A,N/A,N/A,N/A,N/A,N/A,N/A,N/A,N/A,N/A,N/A,N/A,N/A,N/A,N/A,N/A,N/A
73,N/A,N/A,N/A,N/A,N/A,N/A,N/A,N/A,N/A,N/A,N/A,N/A,N/A,N/A,N/A,N/A,N/A,N/A,N/A,N/A,N/A,N/A,N/A,N/A,N/A,N/A,N/A,N/A,N/A,N/A,N/A,N/A,N/A,N/A,N/A,N/A,N/A,N/A,N/A,N/A,N/A,N/A,N/A,N/A,N/A,N/A,N/A,N/A,N/A,N/A,N/A,N/A,N/A,N/A,N/A,N/A,N/A,N/A,N/A,N/A,N/A,N/A,N/A,N/A,N/A,N/A,N/A,N/A,N/A,N/A,N/A,N/A,N/A,N/A,N/A,N/A,N/A,N/A,N/A,N/A,N/A,N/A,N/A,N/A,N/A,N/A,N/A,N/A,N/A,N/A,N/A,N/A,N/A,N/A,N/A,N/A,N/A,N/A,N/A,N/A,N/A,N/A,N/A,N/A
74,N/A,N/A,N/A,N/A,N/A,N/A,N/A,N/A,N/A,N/A,N/A,N/A,N/A,N/A,N/A,N/A,N/A,N/A,N/A,N/A,N/A,N/A,N/A,N/A,N/A,N/A,N/A,N/A,N/A,N/A,N/A,N/A,N/A,N/A,N/A,N/A,N/A,N/A,N/A,N/A,N/A,N/A,N/A,N/A,N/A,N/A,N/A,N/A,N/A,N/A,N/A,N/A,N/A,N/A,N/A,N/A,N/A,N/A,N/A,N/A,N/A,N/A,N/A,N/A,N/A,N/A,N/A,N/A,N/A,N/A,N/A,N/A,N/A,N/A,N/A,N/A,N/A,N/A,N/A,N/A,N/A,N/A,N/A,N/A,N/A,N/A,N/A,N/A,N/A,N/A,N/A,N/A,N/A,N/A,N/A,N/A,N/A,N/A,N/A,N/A,N/A,N/A,N/A,N/A
75,0.8814380168914795,0.5069773197174072,0.0,0.6363267302513123,0.24654921889305115,0.5435358881950378,0.7527432441711426,0.0,0.4624278247356415,0.12077398598194122,0.4964214563369751,0.28069669008255005,0.5150306820869446,0.45685192942619324,0.5170772671699524,0.5430645942687988,0.14403356611728668,0.5665351152420044,0.37821632623672485,0.35335153341293335,0.43240857124328613,0.5895789265632629,0.523809552192688,0.0069573684595525265,0.5991361141204834,0.43976303935050964,0.022956065833568573,0.23749299347400665,0.468713641166687,0.8159765601158142,0.7956292629241943,0.5230854749679565,0.7308873534202576,0.5099346041679382,0.24994200468063354,0.6112130284309387,0.5849096179008484,0.6961376667022705,0.2758370637893677,0.7488446831703186,0.5244771838188171,0.7209374308586121,0.8426871299743652,0.18983550369739532,0.5452761650085449,0.4954201281070709,0.4519581198692322,0.22160692512989044,0.46136146783828735,0.3533961772918701,0.2173941433429718,0.25601303577423096,0.4023986756801605,0.47533416748046875,0.38497450947761536,0.7184983491897583,0.6626134514808655,0.40054890513420105,0.5942701697349548,0.825364887714386,0.0,0.3813640773296356,0.15600933134555817,0.5755302906036377,0.6230136752128601,0.6541019678115845,0.7287803888320923,0.4688586890697479,0.4580285847187042,0.08257796615362167,0.5762573480606079,0.5243218541145325,0.6295284032821655,0.7383663058280945,0.0,0.5343469381332397,0.3943387269973755,0.27528488636016846,0.7565633058547974,0.5974044799804688,0.49733585119247437,0.533851683139801,0.6598024964332581,0.28854918479919434,0.7634161710739136,0.769472599029541,0.0,0.8531419038772583,0.685157835483551,0.48677998781204224,0.4744952917098999,0.4495061933994293,0.7053282260894775,0.47032982110977173,0.4879324436187744,0.7877882122993469,0.6847888231277466,0.0,0.2799813449382782,0.34435075521469116,0.015657054260373116,0.2598663866519928,0.004341699182987213,0.047098807990550995
76,N/A,N/A,N/A,N/A,N/A,N/A,N/A,N/A,N/A,N/A,N/A,N/A,N/A,N/A,N/A,N/A,N/A,N/A,N/A,N/A,N/A,N/A,N/A,N/A,N/A,N/A,N/A,N/A,N/A,N/A,N/A,N/A,N/A,N/A,N/A,N/A,N/A,N/A,N/A,N/A,N/A,N/A,N/A,N/A,N/A,N/A,N/A,N/A,N/A,N/A,N/A,N/A,N/A,N/A,N/A,N/A,N/A,N/A,N/A,N/A,N/A,N/A,N/A,N/A,N/A,N/A,N/A,N/A,N/A,N/A,N/A,N/A,N/A,N/A,N/A,N/A,N/A,N/A,N/A,N/A,N/A,N/A,N/A,N/A,N/A,N/A,N/A,N/A,N/A,N/A,N/A,N/A,N/A,N/A,N/A,N/A,N/A,N/A,N/A,N/A,N/A,N/A,N/A,N/A
77,N/A,N/A,N/A,N/A,N/A,N/A,N/A,N/A,N/A,N/A,N/A,N/A,N/A,N/A,N/A,N/A,N/A,N/A,N/A,N/A,N/A,N/A,N/A,N/A,N/A,N/A,N/A,N/A,N/A,N/A,N/A,N/A,N/A,N/A,N/A,N/A,N/A,N/A,N/A,N/A,N/A,N/A,N/A,N/A,N/A,N/A,N/A,N/A,N/A,N/A,N/A,N/A,N/A,N/A,N/A,N/A,N/A,N/A,N/A,N/A,N/A,N/A,N/A,N/A,N/A,N/A,N/A,N/A,N/A,N/A,N/A,N/A,N/A,N/A,N/A,N/A,N/A,N/A,N/A,N/A,N/A,N/A,N/A,N/A,N/A,N/A,N/A,N/A,N/A,N/A,N/A,N/A,N/A,N/A,N/A,N/A,N/A,N/A,N/A,N/A,N/A,N/A,N/A,N/A
78,N/A,N/A,N/A,N/A,N/A,N/A,N/A,N/A,N/A,N/A,N/A,N/A,N/A,N/A,N/A,N/A,N/A,N/A,N/A,N/A,N/A,N/A,N/A,N/A,N/A,N/A,N/A,N/A,N/A,N/A,N/A,N/A,N/A,N/A,N/A,N/A,N/A,N/A,N/A,N/A,N/A,N/A,N/A,N/A,N/A,N/A,N/A,N/A,N/A,N/A,N/A,N/A,N/A,N/A,N/A,N/A,N/A,N/A,N/A,N/A,N/A,N/A,N/A,N/A,N/A,N/A,N/A,N/A,N/A,N/A,N/A,N/A,N/A,N/A,N/A,N/A,N/A,N/A,N/A,N/A,N/A,N/A,N/A,N/A,N/A,N/A,N/A,N/A,N/A,N/A,N/A,N/A,N/A,N/A,N/A,N/A,N/A,N/A,N/A,N/A,N/A,N/A,N/A,N/A
79,N/A,N/A,N/A,N/A,N/A,N/A,N/A,N/A,N/A,N/A,N/A,N/A,N/A,N/A,N/A,N/A,N/A,N/A,N/A,N/A,N/A,N/A,N/A,N/A,N/A,N/A,N/A,N/A,N/A,N/A,N/A,N/A,N/A,N/A,N/A,N/A,N/A,N/A,N/A,N/A,N/A,N/A,N/A,N/A,N/A,N/A,N/A,N/A,N/A,N/A,N/A,N/A,N/A,N/A,N/A,N/A,N/A,N/A,N/A,N/A,N/A,N/A,N/A,N/A,N/A,N/A,N/A,N/A,N/A,N/A,N/A,N/A,N/A,N/A,N/A,N/A,N/A,N/A,N/A,N/A,N/A,N/A,N/A,N/A,N/A,N/A,N/A,N/A,N/A,N/A,N/A,N/A,N/A,N/A,N/A,N/A,N/A,N/A,N/A,N/A,N/A,N/A,N/A,N/A
80,0.8759111166000366,0.5185622572898865,0.0,0.6454867124557495,0.245163694024086,0.5224769115447998,0.813936710357666,0.0,0.49270185828208923,0.1145041286945343,0.4724617600440979,0.2993149161338806,0.503025472164154,0.47282278537750244,0.5551522970199585,0.5507657527923584,0.1553182452917099,0.5666323900222778,0.443747341632843,0.35043326020240784,0.43283966183662415,0.640485942363739,0.5363036394119263,0.07044346630573273,0.6100685596466064,0.4168989658355713,0.001161034218966961,0.20973624289035797,0.5066199898719788,0.774998128414154,0.776064395904541,0.5246122479438782,0.7154564261436462,0.5184869170188904,0.2658720910549164,0.6026372909545898,0.5441786050796509,0.6884260177612305,0.22814232110977173,0.7407987117767334,0.5258198380470276,0.704910397529602,0.777323305606842,0.04578147083520889,0.5348342657089233,0.5165363550186157,0.4337829053401947,0.23056451976299286,0.4719371795654297,0.2637007236480713,0.24057205021381378,0.23949722945690155,0.43644365668296814,0.4662609398365021,0.3553478717803955,0.7376553416252136,0.6642407178878784,0.39066869020462036,0.5862945914268494,0.8381087183952332,0.0,0.3400460183620453,0.1917119324207306,0.5970152616500854,0.6220664381980896,0.6514062285423279,0.7361423373222351,0.4552172124385834,0.5129032731056213,0.10309617966413498,0.5729888081550598,0.5246989727020264,0.6337987184524536,0.7441420555114746,0.0,0.5312486886978149,0.39746734499931335,0.22919584810733795,0.7447017431259155,0.6212599277496338,0.4974398910999298,0.5285366177558899,0.66883784532547,0.2926108241081238,0.7463149428367615,0.7615429759025574,1.7432992535759695e-05,0.8394882082939148,0.6897169947624207,0.48569875955581665,0.5088792443275452,0.5044499635696411,0.7014362215995789,0.4661100506782532,0.4627835154533386,0.7983080744743347,0.6855462789535522,0.0,0.29832231998443604,0.3575579822063446,0.004047015216201544,0.23124392330646515,0.01913287676870823,0.04315175488591194
81,N/A,N/A,N/A,N/A,N/A,N/A,N/A,N/A,N/A,N/A,N/A,N/A,N/A,N/A,N/A,N/A,N/A,N/A,N/A,N/A,N/A,N/A,N/A,N/A,N/A,N/A,N/A,N/A,N/A,N/A,N/A,N/A,N/A,N/A,N/A,N/A,N/A,N/A,N/A,N/A,N/A,N/A,N/A,N/A,N/A,N/A,N/A,N/A,N/A,N/A,N/A,N/A,N/A,N/A,N/A,N/A,N/A,N/A,N/A,N/A,N/A,N/A,N/A,N/A,N/A,N/A,N/A,N/A,N/A,N/A,N/A,N/A,N/A,N/A,N/A,N/A,N/A,N/A,N/A,N/A,N/A,N/A,N/A,N/A,N/A,N/A,N/A,N/A,N/A,N/A,N/A,N/A,N/A,N/A,N/A,N/A,N/A,N/A,N/A,N/A,N/A,N/A,N/A,N/A
82,N/A,N/A,N/A,N/A,N/A,N/A,N/A,N/A,N/A,N/A,N/A,N/A,N/A,N/A,N/A,N/A,N/A,N/A,N/A,N/A,N/A,N/A,N/A,N/A,N/A,N/A,N/A,N/A,N/A,N/A,N/A,N/A,N/A,N/A,N/A,N/A,N/A,N/A,N/A,N/A,N/A,N/A,N/A,N/A,N/A,N/A,N/A,N/A,N/A,N/A,N/A,N/A,N/A,N/A,N/A,N/A,N/A,N/A,N/A,N/A,N/A,N/A,N/A,N/A,N/A,N/A,N/A,N/A,N/A,N/A,N/A,N/A,N/A,N/A,N/A,N/A,N/A,N/A,N/A,N/A,N/A,N/A,N/A,N/A,N/A,N/A,N/A,N/A,N/A,N/A,N/A,N/A,N/A,N/A,N/A,N/A,N/A,N/A,N/A,N/A,N/A,N/A,N/A,N/A
83,N/A,N/A,N/A,N/A,N/A,N/A,N/A,N/A,N/A,N/A,N/A,N/A,N/A,N/A,N/A,N/A,N/A,N/A,N/A,N/A,N/A,N/A,N/A,N/A,N/A,N/A,N/A,N/A,N/A,N/A,N/A,N/A,N/A,N/A,N/A,N/A,N/A,N/A,N/A,N/A,N/A,N/A,N/A,N/A,N/A,N/A,N/A,N/A,N/A,N/A,N/A,N/A,N/A,N/A,N/A,N/A,N/A,N/A,N/A,N/A,N/A,N/A,N/A,N/A,N/A,N/A,N/A,N/A,N/A,N/A,N/A,N/A,N/A,N/A,N/A,N/A,N/A,N/A,N/A,N/A,N/A,N/A,N/A,N/A,N/A,N/A,N/A,N/A,N/A,N/A,N/A,N/A,N/A,N/A,N/A,N/A,N/A,N/A,N/A,N/A,N/A,N/A,N/A,N/A
84,N/A,N/A,N/A,N/A,N/A,N/A,N/A,N/A,N/A,N/A,N/A,N/A,N/A,N/A,N/A,N/A,N/A,N/A,N/A,N/A,N/A,N/A,N/A,N/A,N/A,N/A,N/A,N/A,N/A,N/A,N/A,N/A,N/A,N/A,N/A,N/A,N/A,N/A,N/A,N/A,N/A,N/A,N/A,N/A,N/A,N/A,N/A,N/A,N/A,N/A,N/A,N/A,N/A,N/A,N/A,N/A,N/A,N/A,N/A,N/A,N/A,N/A,N/A,N/A,N/A,N/A,N/A,N/A,N/A,N/A,N/A,N/A,N/A,N/A,N/A,N/A,N/A,N/A,N/A,N/A,N/A,N/A,N/A,N/A,N/A,N/A,N/A,N/A,N/A,N/A,N/A,N/A,N/A,N/A,N/A,N/A,N/A,N/A,N/A,N/A,N/A,N/A,N/A,N/A
85,0.8949405550956726,0.5137007832527161,0.0,0.6561457514762878,0.23727993667125702,0.5554753541946411,0.7884539365768433,0.0,0.48208266496658325,0.09998142719268799,0.47465017437934875,0.30779093503952026,0.5301007032394409,0.47754836082458496,0.5717782378196716,0.5339903235435486,0.191631019115448,0.5910962224006653,0.4379335641860962,0.36608976125717163,0.4413997232913971,0.650448203086853,0.549186646938324,0.01423694472759962,0.608069658279419,0.431112676858902,0.07563169300556183,0.2173043191432953,0.5086222887039185,0.8148130774497986,0.8160450458526611,0.5367971658706665,0.7091807126998901,0.5232473015785217,0.3209240436553955,0.6329025030136108,0.5642223358154297,0.7033807039260864,0.23882250487804413,0.7472686767578125,0.5280852317810059,0.7181962132453918,0.8473573923110962,0.052909739315509796,0.5763969421386719,0.5306215286254883,0.45054906606674194,0.18412499129772186,0.4757417142391205,0.3417128026485443,0.22738146781921387,0.24732725322246552,0.428184449672699,0.44500571489334106,0.3909752368927002,0.723879337310791,0.666409969329834,0.3800550699234009,0.5905787944793701,0.8478206992149353,0.0,0.33196109533309937,0.2012641280889511,0.6044610738754272,0.6247044801712036,0.6436523795127869,0.7320259213447571,0.44902101159095764,0.5253512859344482,0.06333332508802414,0.5691422820091248,0.4959726929664612,0.6264155507087708,0.7487674951553345,0.0,0.5455495715141296,0.3721647560596466,0.24349474906921387,0.7564669251441956,0.6188297867774963,0.4936523139476776,0.4831521511077881,0.6771642565727234,0.2877559959888458,0.8032523393630981,0.7354879379272461,0.0,0.852960467338562,0.6973394751548767,0.49218112230300903,0.4672201871871948,0.4372221827507019,0.6993929147720337,0.4604857265949249,0.49674302339553833,0.7951802611351013,0.6787761449813843,0.0,0.25440657138824463,0.4034135043621063,0.0,0.26945000886917114,0.006019917316734791,0.04278267174959183
86,N/A,N/A,N/A,N/A,N/A,N/A,N/A,N/A,N/A,N/A,N/A,N/A,N/A,N/A,N/A,N/A,N/A,N/A,N/A,N/A,N/A,N/A,N/A,N/A,N/A,N/A,N/A,N/A,N/A,N/A,N/A,N/A,N/A,N/A,N/A,N/A,N/A,N/A,N/A,N/A,N/A,N/A,N/A,N/A,N/A,N/A,N/A,N/A,N/A,N/A,N/A,N/A,N/A,N/A,N/A,N/A,N/A,N/A,N/A,N/A,N/A,N/A,N/A,N/A,N/A,N/A,N/A,N/A,N/A,N/A,N/A,N/A,N/A,N/A,N/A,N/A,N/A,N/A,N/A,N/A,N/A,N/A,N/A,N/A,N/A,N/A,N/A,N/A,N/A,N/A,N/A,N/A,N/A,N/A,N/A,N/A,N/A,N/A,N/A,N/A,N/A,N/A,N/A,N/A
87,N/A,N/A,N/A,N/A,N/A,N/A,N/A,N/A,N/A,N/A,N/A,N/A,N/A,N/A,N/A,N/A,N/A,N/A,N/A,N/A,N/A,N/A,N/A,N/A,N/A,N/A,N/A,N/A,N/A,N/A,N/A,N/A,N/A,N/A,N/A,N/A,N/A,N/A,N/A,N/A,N/A,N/A,N/A,N/A,N/A,N/A,N/A,N/A,N/A,N/A,N/A,N/A,N/A,N/A,N/A,N/A,N/A,N/A,N/A,N/A,N/A,N/A,N/A,N/A,N/A,N/A,N/A,N/A,N/A,N/A,N/A,N/A,N/A,N/A,N/A,N/A,N/A,N/A,N/A,N/A,N/A,N/A,N/A,N/A,N/A,N/A,N/A,N/A,N/A,N/A,N/A,N/A,N/A,N/A,N/A,N/A,N/A,N/A,N/A,N/A,N/A,N/A,N/A,N/A
88,N/A,N/A,N/A,N/A,N/A,N/A,N/A,N/A,N/A,N/A,N/A,N/A,N/A,N/A,N/A,N/A,N/A,N/A,N/A,N/A,N/A,N/A,N/A,N/A,N/A,N/A,N/A,N/A,N/A,N/A,N/A,N/A,N/A,N/A,N/A,N/A,N/A,N/A,N/A,N/A,N/A,N/A,N/A,N/A,N/A,N/A,N/A,N/A,N/A,N/A,N/A,N/A,N/A,N/A,N/A,N/A,N/A,N/A,N/A,N/A,N/A,N/A,N/A,N/A,N/A,N/A,N/A,N/A,N/A,N/A,N/A,N/A,N/A,N/A,N/A,N/A,N/A,N/A,N/A,N/A,N/A,N/A,N/A,N/A,N/A,N/A,N/A,N/A,N/A,N/A,N/A,N/A,N/A,N/A,N/A,N/A,N/A,N/A,N/A,N/A,N/A,N/A,N/A,N/A
89,N/A,N/A,N/A,N/A,N/A,N/A,N/A,N/A,N/A,N/A,N/A,N/A,N/A,N/A,N/A,N/A,N/A,N/A,N/A,N/A,N/A,N/A,N/A,N/A,N/A,N/A,N/A,N/A,N/A,N/A,N/A,N/A,N/A,N/A,N/A,N/A,N/A,N/A,N/A,N/A,N/A,N/A,N/A,N/A,N/A,N/A,N/A,N/A,N/A,N/A,N/A,N/A,N/A,N/A,N/A,N/A,N/A,N/A,N/A,N/A,N/A,N/A,N/A,N/A,N/A,N/A,N/A,N/A,N/A,N/A,N/A,N/A,N/A,N/A,N/A,N/A,N/A,N/A,N/A,N/A,N/A,N/A,N/A,N/A,N/A,N/A,N/A,N/A,N/A,N/A,N/A,N/A,N/A,N/A,N/A,N/A,N/A,N/A,N/A,N/A,N/A,N/A,N/A,N/A
90,0.8939076066017151,0.5237987637519836,0.0,0.6412000060081482,0.21874794363975525,0.5501080751419067,0.7091822028160095,0.0,0.49072781205177307,0.13610102236270905,0.4875333607196808,0.3240581452846527,0.5283693671226501,0.5075224041938782,0.5829512476921082,0.548741340637207,0.16255521774291992,0.5950527191162109,0.38099411129951477,0.3971794545650482,0.43367481231689453,0.571630597114563,0.53725665807724,0.03286818042397499,0.5855084657669067,0.4517289996147156,0.004250847734510899,0.23104868829250336,0.514282763004303,0.8093213438987732,0.8192154765129089,0.5083027482032776,0.7064023613929749,0.5190451145172119,0.33155059814453125,0.6234649419784546,0.5481377840042114,0.7124922871589661,0.2625415623188019,0.7416269183158875,0.5159861445426941,0.6722230911254883,0.79500412940979,0.2473577857017517,0.5560142993927002,0.5065075755119324,0.4403732120990753,0.2286461740732193,0.45187079906463623,0.3041936159133911,0.22291846573352814,0.24896501004695892,0.4382067024707794,0.41454339027404785,0.3591829836368561,0.7301607728004456,0.6676788926124573,0.41325321793556213,0.590245246887207,0.8478585481643677,0.0,0.37945014238357544,0.1920214146375656,0.5817334055900574,0.6253912448883057,0.6322913765907288,0.7380703091621399,0.4567546844482422,0.5343135595321655,0.10806165635585785,0.570746898651123,0.541448712348938,0.6806138157844543,0.744696319103241,0.0,0.5184564590454102,0.39057043194770813,0.23253735899925232,0.7236571311950684,0.5920723676681519,0.5023071765899658,0.4773884117603302,0.6882082223892212,0.2956492602825165,0.8021711707115173,0.7638072371482849,0.0,0.8473970293998718,0.6900826096534729,0.4955654740333557,0.5070095062255859,0.46379199624061584,0.7034183740615845,0.44580963253974915,0.4957438111305237,0.8020126223564148,0.6531228423118591,0.0,0.3016469478607178,0.3425113260746002,0.0,0.25517767667770386,0.008010273799300194,0.04429334029555321
91,N/A,N/A,N/A,N/A,N/A,N/A,N/A,N/A,N/A,N/A,N/A,N/A,N/A,N/A,N/A,N/A,N/A,N/A,N/A,N/A,N/A,N/A,N/A,N/A,N/A,N/A,N/A,N/A,N/A,N/A,N/A,N/A,N/A,N/A,N/A,N/A,N/A,N/A,N/A,N/A,N/A,N/A,N/A,N/A,N/A,N/A,N/A,N/A,N/A,N/A,N/A,N/A,N/A,N/A,N/A,N/A,N/A,N/A,N/A,N/A,N/A,N/A,N/A,N/A,N/A,N/A,N/A,N/A,N/A,N/A,N/A,N/A,N/A,N/A,N/A,N/A,N/A,N/A,N/A,N/A,N/A,N/A,N/A,N/A,N/A,N/A,N/A,N/A,N/A,N/A,N/A,N/A,N/A,N/A,N/A,N/A,N/A,N/A,N/A,N/A,N/A,N/A,N/A,N/A
92,N/A,N/A,N/A,N/A,N/A,N/A,N/A,N/A,N/A,N/A,N/A,N/A,N/A,N/A,N/A,N/A,N/A,N/A,N/A,N/A,N/A,N/A,N/A,N/A,N/A,N/A,N/A,N/A,N/A,N/A,N/A,N/A,N/A,N/A,N/A,N/A,N/A,N/A,N/A,N/A,N/A,N/A,N/A,N/A,N/A,N/A,N/A,N/A,N/A,N/A,N/A,N/A,N/A,N/A,N/A,N/A,N/A,N/A,N/A,N/A,N/A,N/A,N/A,N/A,N/A,N/A,N/A,N/A,N/A,N/A,N/A,N/A,N/A,N/A,N/A,N/A,N/A,N/A,N/A,N/A,N/A,N/A,N/A,N/A,N/A,N/A,N/A,N/A,N/A,N/A,N/A,N/A,N/A,N/A,N/A,N/A,N/A,N/A,N/A,N/A,N/A,N/A,N/A,N/A
93,N/A,N/A,N/A,N/A,N/A,N/A,N/A,N/A,N/A,N/A,N/A,N/A,N/A,N/A,N/A,N/A,N/A,N/A,N/A,N/A,N/A,N/A,N/A,N/A,N/A,N/A,N/A,N/A,N/A,N/A,N/A,N/A,N/A,N/A,N/A,N/A,N/A,N/A,N/A,N/A,N/A,N/A,N/A,N/A,N/A,N/A,N/A,N/A,N/A,N/A,N/A,N/A,N/A,N/A,N/A,N/A,N/A,N/A,N/A,N/A,N/A,N/A,N/A,N/A,N/A,N/A,N/A,N/A,N/A,N/A,N/A,N/A,N/A,N/A,N/A,N/A,N/A,N/A,N/A,N/A,N/A,N/A,N/A,N/A,N/A,N/A,N/A,N/A,N/A,N/A,N/A,N/A,N/A,N/A,N/A,N/A,N/A,N/A,N/A,N/A,N/A,N/A,N/A,N/A
94,N/A,N/A,N/A,N/A,N/A,N/A,N/A,N/A,N/A,N/A,N/A,N/A,N/A,N/A,N/A,N/A,N/A,N/A,N/A,N/A,N/A,N/A,N/A,N/A,N/A,N/A,N/A,N/A,N/A,N/A,N/A,N/A,N/A,N/A,N/A,N/A,N/A,N/A,N/A,N/A,N/A,N/A,N/A,N/A,N/A,N/A,N/A,N/A,N/A,N/A,N/A,N/A,N/A,N/A,N/A,N/A,N/A,N/A,N/A,N/A,N/A,N/A,N/A,N/A,N/A,N/A,N/A,N/A,N/A,N/A,N/A,N/A,N/A,N/A,N/A,N/A,N/A,N/A,N/A,N/A,N/A,N/A,N/A,N/A,N/A,N/A,N/A,N/A,N/A,N/A,N/A,N/A,N/A,N/A,N/A,N/A,N/A,N/A,N/A,N/A,N/A,N/A,N/A,N/A
95,0.8906996846199036,0.5168305039405823,0.0,0.645722508430481,0.2515532672405243,0.5484403371810913,0.724595844745636,0.0,0.4805193543434143,0.12708336114883423,0.48350510001182556,0.2883511781692505,0.526011049747467,0.49747079610824585,0.560874879360199,0.556829571723938,0.13965317606925964,0.562371015548706,0.3588095009326935,0.36674201488494873,0.42929375171661377,0.551203191280365,0.5210177898406982,0.04372304305434227,0.5734469294548035,0.4185763895511627,0.07854956388473511,0.23881128430366516,0.5340296626091003,0.8038217425346375,0.7914488911628723,0.5206456780433655,0.7342818379402161,0.5283376574516296,0.3019697964191437,0.6149584650993347,0.5483590960502625,0.7055649161338806,0.26343685388565063,0.7322731018066406,0.5439018607139587,0.6859524250030518,0.8133158683776855,0.12824411690235138,0.55854332447052,0.5028184056282043,0.4506535530090332,0.2256014496088028,0.468405544757843,0.3047029376029968,0.1879369467496872,0.2460867315530777,0.4066409766674042,0.45358380675315857,0.38341763615608215,0.7066078782081604,0.6603862047195435,0.4129898250102997,0.5958388447761536,0.8282955884933472,0.0,0.304124116897583,0.17236962914466858,0.5965710282325745,0.5777207016944885,0.6479594707489014,0.7330873012542725,0.454339861869812,0.4220932424068451,0.07775033265352249,0.5834342241287231,0.42844659090042114,0.5904436707496643,0.7408041954040527,0.0,0.545354425907135,0.30161651968955994,0.30755019187927246,0.7581925392150879,0.606486976146698,0.5035428404808044,0.487867534160614,0.6845801472663879,0.30658310651779175,0.7688179612159729,0.7705830335617065,0.0,0.8455200791358948,0.6377747058868408,0.48547595739364624,0.5085566639900208,0.4663863182067871,0.7011054158210754,0.4647512435913086,0.47637954354286194,0.7959524393081665,0.69774329662323,0.0,0.296445369720459,0.5027523636817932,0.0,0.24803055822849274,0.0021134086418896914,0.04032328724861145
96,N/A,N/A,N/A,N/A,N/A,N/A,N/A,N/A,N/A,N/A,N/A,N/A,N/A,N/A,N/A,N/A,N/A,N/A,N/A,N/A,N/A,N/A,N/A,N/A,N/A,N/A,N/A,N/A,N/A,N/A,N/A,N/A,N/A,N/A,N/A,N/A,N/A,N/A,N/A,N/A,N/A,N/A,N/A,N/A,N/A,N/A,N/A,N/A,N/A,N/A,N/A,N/A,N/A,N/A,N/A,N/A,N/A,N/A,N/A,N/A,N/A,N/A,N/A,N/A,N/A,N/A,N/A,N/A,N/A,N/A,N/A,N/A,N/A,N/A,N/A,N/A,N/A,N/A,N/A,N/A,N/A,N/A,N/A,N/A,N/A,N/A,N/A,N/A,N/A,N/A,N/A,N/A,N/A,N/A,N/A,N/A,N/A,N/A,N/A,N/A,N/A,N/A,N/A,N/A
97,N/A,N/A,N/A,N/A,N/A,N/A,N/A,N/A,N/A,N/A,N/A,N/A,N/A,N/A,N/A,N/A,N/A,N/A,N/A,N/A,N/A,N/A,N/A,N/A,N/A,N/A,N/A,N/A,N/A,N/A,N/A,N/A,N/A,N/A,N/A,N/A,N/A,N/A,N/A,N/A,N/A,N/A,N/A,N/A,N/A,N/A,N/A,N/A,N/A,N/A,N/A,N/A,N/A,N/A,N/A,N/A,N/A,N/A,N/A,N/A,N/A,N/A,N/A,N/A,N/A,N/A,N/A,N/A,N/A,N/A,N/A,N/A,N/A,N/A,N/A,N/A,N/A,N/A,N/A,N/A,N/A,N/A,N/A,N/A,N/A,N/A,N/A,N/A,N/A,N/A,N/A,N/A,N/A,N/A,N/A,N/A,N/A,N/A,N/A,N/A,N/A,N/A,N/A,N/A
98,N/A,N/A,N/A,N/A,N/A,N/A,N/A,N/A,N/A,N/A,N/A,N/A,N/A,N/A,N/A,N/A,N/A,N/A,N/A,N/A,N/A,N/A,N/A,N/A,N/A,N/A,N/A,N/A,N/A,N/A,N/A,N/A,N/A,N/A,N/A,N/A,N/A,N/A,N/A,N/A,N/A,N/A,N/A,N/A,N/A,N/A,N/A,N/A,N/A,N/A,N/A,N/A,N/A,N/A,N/A,N/A,N/A,N/A,N/A,N/A,N/A,N/A,N/A,N/A,N/A,N/A,N/A,N/A,N/A,N/A,N/A,N/A,N/A,N/A,N/A,N/A,N/A,N/A,N/A,N/A,N/A,N/A,N/A,N/A,N/A,N/A,N/A,N/A,N/A,N/A,N/A,N/A,N/A,N/A,N/A,N/A,N/A,N/A,N/A,N/A,N/A,N/A,N/A,N/A
99,N/A,N/A,N/A,N/A,N/A,N/A,N/A,N/A,N/A,N/A,N/A,N/A,N/A,N/A,N/A,N/A,N/A,N/A,N/A,N/A,N/A,N/A,N/A,N/A,N/A,N/A,N/A,N/A,N/A,N/A,N/A,N/A,N/A,N/A,N/A,N/A,N/A,N/A,N/A,N/A,N/A,N/A,N/A,N/A,N/A,N/A,N/A,N/A,N/A,N/A,N/A,N/A,N/A,N/A,N/A,N/A,N/A,N/A,N/A,N/A,N/A,N/A,N/A,N/A,N/A,N/A,N/A,N/A,N/A,N/A,N/A,N/A,N/A,N/A,N/A,N/A,N/A,N/A,N/A,N/A,N/A,N/A,N/A,N/A,N/A,N/A,N/A,N/A,N/A,N/A,N/A,N/A,N/A,N/A,N/A,N/A,N/A,N/A,N/A,N/A,N/A,N/A,N/A,N/A
100,0.8936238288879395,0.5283462405204773,0.0,0.6476386189460754,0.23357786238193512,0.5283188223838806,0.788179337978363,0.0,0.47801098227500916,0.15010333061218262,0.49344971776008606,0.3073106110095978,0.51176518201828,0.4987848997116089,0.5655025839805603,0.5544323325157166,0.16233737766742706,0.585604727268219,0.4220283329486847,0.3701033294200897,0.42817726731300354,0.6317613124847412,0.5349260568618774,0.10278387367725372,0.5765460729598999,0.43203645944595337,0.001386436983011663,0.2401568591594696,0.512832760810852,0.8028300404548645,0.7833689451217651,0.5278119444847107,0.7379176616668701,0.5226696133613586,0.22925075888633728,0.6284370422363281,0.5837705731391907,0.7127331495285034,0.2612874507904053,0.756659209728241,0.53663170337677,0.7128300070762634,0.8262423276901245,0.13434183597564697,0.5741596817970276,0.5203278660774231,0.45343369245529175,0.21385698020458221,0.46495160460472107,0.32013288140296936,0.2293371856212616,0.2445404976606369,0.41765788197517395,0.44908756017684937,0.39960259199142456,0.721146285533905,0.6826428174972534,0.4052880108356476,0.5892471075057983,0.842737078666687,0.0,0.3147379159927368,0.17421822249889374,0.5698636174201965,0.6416707038879395,0.6551728844642639,0.7455576062202454,0.445928156375885,0.48730725049972534,0.08437064290046692,0.5790755152702332,0.5400409698486328,0.6552279591560364,0.7510638236999512,0.0,0.5476772785186768,0.37427017092704773,0.24138161540031433,0.7479076385498047,0.6340864300727844,0.5010920166969299,0.5092149376869202,0.6859323382377625,0.2952785789966583,0.770628809928894,0.7725012302398682,0.0,0.8629400134086609,0.7163628339767456,0.4844958186149597,0.4959697127342224,0.45784807205200195,0.6910496354103088,0.46998777985572815,0.5079308748245239,0.7967487573623657,0.7097591161727905,0.0,0.2572084665298462,0.3562430143356323,0.0,0.2569549083709717,0.0032159124966710806,0.04191421717405319
101,N/A,N/A,N/A,N/A,N/A,N/A,N/A,N/A,N/A,N/A,N/A,N/A,N/A,N/A,N/A,N/A,N/A,N/A,N/A,N/A,N/A,N/A,N/A,N/A,N/A,N/A,N/A,N/A,N/A,N/A,N/A,N/A,N/A,N/A,N/A,N/A,N/A,N/A,N/A,N/A,N/A,N/A,N/A,N/A,N/A,N/A,N/A,N/A,N/A,N/A,N/A,N/A,N/A,N/A,N/A,N/A,N/A,N/A,N/A,N/A,N/A,N/A,N/A,N/A,N/A,N/A,N/A,N/A,N/A,N/A,N/A,N/A,N/A,N/A,N/A,N/A,N/A,N/A,N/A,N/A,N/A,N/A,N/A,N/A,N/A,N/A,N/A,N/A,N/A,N/A,N/A,N/A,N/A,N/A,N/A,N/A,N/A,N/A,N/A,N/A,N/A,N/A,N/A,N/A
102,N/A,N/A,N/A,N/A,N/A,N/A,N/A,N/A,N/A,N/A,N/A,N/A,N/A,N/A,N/A,N/A,N/A,N/A,N/A,N/A,N/A,N/A,N/A,N/A,N/A,N/A,N/A,N/A,N/A,N/A,N/A,N/A,N/A,N/A,N/A,N/A,N/A,N/A,N/A,N/A,N/A,N/A,N/A,N/A,N/A,N/A,N/A,N/A,N/A,N/A,N/A,N/A,N/A,N/A,N/A,N/A,N/A,N/A,N/A,N/A,N/A,N/A,N/A,N/A,N/A,N/A,N/A,N/A,N/A,N/A,N/A,N/A,N/A,N/A,N/A,N/A,N/A,N/A,N/A,N/A,N/A,N/A,N/A,N/A,N/A,N/A,N/A,N/A,N/A,N/A,N/A,N/A,N/A,N/A,N/A,N/A,N/A,N/A,N/A,N/A,N/A,N/A,N/A,N/A
103,N/A,N/A,N/A,N/A,N/A,N/A,N/A,N/A,N/A,N/A,N/A,N/A,N/A,N/A,N/A,N/A,N/A,N/A,N/A,N/A,N/A,N/A,N/A,N/A,N/A,N/A,N/A,N/A,N/A,N/A,N/A,N/A,N/A,N/A,N/A,N/A,N/A,N/A,N/A,N/A,N/A,N/A,N/A,N/A,N/A,N/A,N/A,N/A,N/A,N/A,N/A,N/A,N/A,N/A,N/A,N/A,N/A,N/A,N/A,N/A,N/A,N/A,N/A,N/A,N/A,N/A,N/A,N/A,N/A,N/A,N/A,N/A,N/A,N/A,N/A,N/A,N/A,N/A,N/A,N/A,N/A,N/A,N/A,N/A,N/A,N/A,N/A,N/A,N/A,N/A,N/A,N/A,N/A,N/A,N/A,N/A,N/A,N/A,N/A,N/A,N/A,N/A,N/A,N/A
104,N/A,N/A,N/A,N/A,N/A,N/A,N/A,N/A,N/A,N/A,N/A,N/A,N/A,N/A,N/A,N/A,N/A,N/A,N/A,N/A,N/A,N/A,N/A,N/A,N/A,N/A,N/A,N/A,N/A,N/A,N/A,N/A,N/A,N/A,N/A,N/A,N/A,N/A,N/A,N/A,N/A,N/A,N/A,N/A,N/A,N/A,N/A,N/A,N/A,N/A,N/A,N/A,N/A,N/A,N/A,N/A,N/A,N/A,N/A,N/A,N/A,N/A,N/A,N/A,N/A,N/A,N/A,N/A,N/A,N/A,N/A,N/A,N/A,N/A,N/A,N/A,N/A,N/A,N/A,N/A,N/A,N/A,N/A,N/A,N/A,N/A,N/A,N/A,N/A,N/A,N/A,N/A,N/A,N/A,N/A,N/A,N/A,N/A,N/A,N/A,N/A,N/A,N/A,N/A
105,0.8922691345214844,0.5266772508621216,0.0,0.6496998071670532,0.23488262295722961,0.5789963006973267,0.7624785304069519,0.0,0.4713214337825775,0.13659806549549103,0.4871593117713928,0.2991674542427063,0.5118998885154724,0.49720463156700134,0.5378934741020203,0.5567443370819092,0.10862509161233902,0.593804121017456,0.3897843062877655,0.3644672632217407,0.4244391620159149,0.566540539264679,0.5179523825645447,0.009814283810555935,0.579579770565033,0.4119352698326111,0.020485423505306244,0.2066000998020172,0.5135210156440735,0.8038318157196045,0.8113383054733276,0.5366814732551575,0.7269087433815002,0.5233981609344482,0.2783568501472473,0.6289111971855164,0.5370715856552124,0.7013230919837952,0.2504417598247528,0.7711799740791321,0.5254698991775513,0.7011988162994385,0.8392611145973206,0.11934300512075424,0.5503904819488525,0.5352602005004883,0.4546244740486145,0.1806965321302414,0.46928903460502625,0.3178393840789795,0.22558581829071045,0.26440081000328064,0.4148532450199127,0.4539843201637268,0.39260295033454895,0.7113488912582397,0.6779411435127258,0.4055539071559906,0.5879538655281067,0.8303914070129395,0.0,0.3305974006652832,0.17069855332374573,0.5796608924865723,0.6342030167579651,0.6540694236755371,0.7397056818008423,0.45189088582992554,0.5135557055473328,0.06853543967008591,0.572864294052124,0.5190621614456177,0.6236738562583923,0.7554299831390381,0.0,0.5513072609901428,0.38655441999435425,0.2774611711502075,0.7543922662734985,0.6653724908828735,0.5105205178260803,0.5276151299476624,0.6915361881256104,0.2772957682609558,0.794243335723877,0.7604867815971375,0.0,0.8590362668037415,0.7056028246879578,0.49541163444519043,0.48310086131095886,0.47046422958374023,0.6952582597732544,0.444119393825531,0.5043269395828247,0.7870615124702454,0.7047717571258545,0.0,0.3128618896007538,0.39629775285720825,0.0,0.22473596036434174,0.00332663394510746,0.04614632576704025
106,N/A,N/A,N/A,N/A,N/A,N/A,N/A,N/A,N/A,N/A,N/A,N/A,N/A,N/A,N/A,N/A,N/A,N/A,N/A,N/A,N/A,N/A,N/A,N/A,N/A,N/A,N/A,N/A,N/A,N/A,N/A,N/A,N/A,N/A,N/A,N/A,N/A,N/A,N/A,N/A,N/A,N/A,N/A,N/A,N/A,N/A,N/A,N/A,N/A,N/A,N/A,N/A,N/A,N/A,N/A,N/A,N/A,N/A,N/A,N/A,N/A,N/A,N/A,N/A,N/A,N/A,N/A,N/A,N/A,N/A,N/A,N/A,N/A,N/A,N/A,N/A,N/A,N/A,N/A,N/A,N/A,N/A,N/A,N/A,N/A,N/A,N/A,N/A,N/A,N/A,N/A,N/A,N/A,N/A,N/A,N/A,N/A,N/A,N/A,N/A,N/A,N/A,N/A,N/A
107,N/A,N/A,N/A,N/A,N/A,N/A,N/A,N/A,N/A,N/A,N/A,N/A,N/A,N/A,N/A,N/A,N/A,N/A,N/A,N/A,N/A,N/A,N/A,N/A,N/A,N/A,N/A,N/A,N/A,N/A,N/A,N/A,N/A,N/A,N/A,N/A,N/A,N/A,N/A,N/A,N/A,N/A,N/A,N/A,N/A,N/A,N/A,N/A,N/A,N/A,N/A,N/A,N/A,N/A,N/A,N/A,N/A,N/A,N/A,N/A,N/A,N/A,N/A,N/A,N/A,N/A,N/A,N/A,N/A,N/A,N/A,N/A,N/A,N/A,N/A,N/A,N/A,N/A,N/A,N/A,N/A,N/A,N/A,N/A,N/A,N/A,N/A,N/A,N/A,N/A,N/A,N/A,N/A,N/A,N/A,N/A,N/A,N/A,N/A,N/A,N/A,N/A,N/A,N/A
108,N/A,N/A,N/A,N/A,N/A,N/A,N/A,N/A,N/A,N/A,N/A,N/A,N/A,N/A,N/A,N/A,N/A,N/A,N/A,N/A,N/A,N/A,N/A,N/A,N/A,N/A,N/A,N/A,N/A,N/A,N/A,N/A,N/A,N/A,N/A,N/A,N/A,N/A,N/A,N/A,N/A,N/A,N/A,N/A,N/A,N/A,N/A,N/A,N/A,N/A,N/A,N/A,N/A,N/A,N/A,N/A,N/A,N/A,N/A,N/A,N/A,N/A,N/A,N/A,N/A,N/A,N/A,N/A,N/A,N/A,N/A,N/A,N/A,N/A,N/A,N/A,N/A,N/A,N/A,N/A,N/A,N/A,N/A,N/A,N/A,N/A,N/A,N/A,N/A,N/A,N/A,N/A,N/A,N/A,N/A,N/A,N/A,N/A,N/A,N/A,N/A,N/A,N/A,N/A
109,N/A,N/A,N/A,N/A,N/A,N/A,N/A,N/A,N/A,N/A,N/A,N/A,N/A,N/A,N/A,N/A,N/A,N/A,N/A,N/A,N/A,N/A,N/A,N/A,N/A,N/A,N/A,N/A,N/A,N/A,N/A,N/A,N/A,N/A,N/A,N/A,N/A,N/A,N/A,N/A,N/A,N/A,N/A,N/A,N/A,N/A,N/A,N/A,N/A,N/A,N/A,N/A,N/A,N/A,N/A,N/A,N/A,N/A,N/A,N/A,N/A,N/A,N/A,N/A,N/A,N/A,N/A,N/A,N/A,N/A,N/A,N/A,N/A,N/A,N/A,N/A,N/A,N/A,N/A,N/A,N/A,N/A,N/A,N/A,N/A,N/A,N/A,N/A,N/A,N/A,N/A,N/A,N/A,N/A,N/A,N/A,N/A,N/A,N/A,N/A,N/A,N/A,N/A,N/A
110,0.8965798616409302,0.5155942440032959,0.0,0.6496637463569641,0.23376470804214478,0.5622891187667847,0.7926073670387268,0.0,0.47664421796798706,0.12123273313045502,0.4953114688396454,0.2882250249385834,0.5047902464866638,0.5138893723487854,0.5637668967247009,0.5428668260574341,0.1528875082731247,0.6092967391014099,0.4504254460334778,0.3422078490257263,0.42411279678344727,0.6385335326194763,0.5321798920631409,0.032405175268650055,0.5765179991722107,0.43001851439476013,0.02813512273132801,0.24117332696914673,0.509775698184967,0.7951535582542419,0.7978507876396179,0.5331475138664246,0.7297043800354004,0.5282948017120361,0.27707764506340027,0.6211579442024231,0.580256998538971,0.6976829767227173,0.24551963806152344,0.7539578080177307,0.5118376016616821,0.7011086940765381,0.8141384720802307,0.11706989258527756,0.5604108572006226,0.48409464955329895,0.45335644483566284,0.20375677943229675,0.4711000919342041,0.3160501718521118,0.22512543201446533,0.2512449026107788,0.4227641522884369,0.44790494441986084,0.39268144965171814,0.7354058027267456,0.6793843507766724,0.4030107855796814,0.5898444056510925,0.8505661487579346,0.0,0.34469014406204224,0.16729238629341125,0.6375877857208252,0.6364913582801819,0.649804413318634,0.7378370761871338,0.4600386619567871,0.47979840636253357,0.0881100445985794,0.5721068382263184,0.5183780193328857,0.6894168257713318,0.7470511794090271,0.0,0.5580311417579651,0.3848749101161957,0.2381904572248459,0.754038393497467,0.6100683808326721,0.5063350796699524,0.5168516635894775,0.6899568438529968,0.2930030822753906,0.7848321795463562,0.764799952507019,0.0,0.8603464365005493,0.6812968850135803,0.4927205443382263,0.5040364861488342,0.4645867943763733,0.7029098272323608,0.4727027714252472,0.4998295307159424,0.8024901151657104,0.7183390855789185,0.0,0.2941908836364746,0.44865503907203674,0.0,0.25363078713417053,0.007796246092766523,0.0445476770401001
111,N/A,N/A,N/A,N/A,N/A,N/A,N/A,N/A,N/A,N/A,N/A,N/A,N/A,N/A,N/A,N/A,N/A,N/A,N/A,N/A,N/A,N/A,N/A,N/A,N/A,N/A,N/A,N/A,N/A,N/A,N/A,N/A,N/A,N/A,N/A,N/A,N/A,N/A,N/A,N/A,N/A,N/A,N/A,N/A,N/A,N/A,N/A,N/A,N/A,N/A,N/A,N/A,N/A,N/A,N/A,N/A,N/A,N/A,N/A,N/A,N/A,N/A,N/A,N/A,N/A,N/A,N/A,N/A,N/A,N/A,N/A,N/A,N/A,N/A,N/A,N/A,N/A,N/A,N/A,N/A,N/A,N/A,N/A,N/A,N/A,N/A,N/A,N/A,N/A,N/A,N/A,N/A,N/A,N/A,N/A,N/A,N/A,N/A,N/A,N/A,N/A,N/A,N/A,N/A
112,N/A,N/A,N/A,N/A,N/A,N/A,N/A,N/A,N/A,N/A,N/A,N/A,N/A,N/A,N/A,N/A,N/A,N/A,N/A,N/A,N/A,N/A,N/A,N/A,N/A,N/A,N/A,N/A,N/A,N/A,N/A,N/A,N/A,N/A,N/A,N/A,N/A,N/A,N/A,N/A,N/A,N/A,N/A,N/A,N/A,N/A,N/A,N/A,N/A,N/A,N/A,N/A,N/A,N/A,N/A,N/A,N/A,N/A,N/A,N/A,N/A,N/A,N/A,N/A,N/A,N/A,N/A,N/A,N/A,N/A,N/A,N/A,N/A,N/A,N/A,N/A,N/A,N/A,N/A,N/A,N/A,N/A,N/A,N/A,N/A,N/A,N/A,N/A,N/A,N/A,N/A,N/A,N/A,N/A,N/A,N/A,N/A,N/A,N/A,N/A,N/A,N/A,N/A,N/A
113,N/A,N/A,N/A,N/A,N/A,N/A,N/A,N/A,N/A,N/A,N/A,N/A,N/A,N/A,N/A,N/A,N/A,N/A,N/A,N/A,N/A,N/A,N/A,N/A,N/A,N/A,N/A,N/A,N/A,N/A,N/A,N/A,N/A,N/A,N/A,N/A,N/A,N/A,N/A,N/A,N/A,N/A,N/A,N/A,N/A,N/A,N/A,N/A,N/A,N/A,N/A,N/A,N/A,N/A,N/A,N/A,N/A,N/A,N/A,N/A,N/A,N/A,N/A,N/A,N/A,N/A,N/A,N/A,N/A,N/A,N/A,N/A,N/A,N/A,N/A,N/A,N/A,N/A,N/A,N/A,N/A,N/A,N/A,N/A,N/A,N/A,N/A,N/A,N/A,N/A,N/A,N/A,N/A,N/A,N/A,N/A,N/A,N/A,N/A,N/A,N/A,N/A,N/A,N/A
114,N/A,N/A,N/A,N/A,N/A,N/A,N/A,N/A,N/A,N/A,N/A,N/A,N/A,N/A,N/A,N/A,N/A,N/A,N/A,N/A,N/A,N/A,N/A,N/A,N/A,N/A,N/A,N/A,N/A,N/A,N/A,N/A,N/A,N/A,N/A,N/A,N/A,N/A,N/A,N/A,N/A,N/A,N/A,N/A,N/A,N/A,N/A,N/A,N/A,N/A,N/A,N/A,N/A,N/A,N/A,N/A,N/A,N/A,N/A,N/A,N/A,N/A,N/A,N/A,N/A,N/A,N/A,N/A,N/A,N/A,N/A,N/A,N/A,N/A,N/A,N/A,N/A,N/A,N/A,N/A,N/A,N/A,N/A,N/A,N/A,N/A,N/A,N/A,N/A,N/A,N/A,N/A,N/A,N/A,N/A,N/A,N/A,N/A,N/A,N/A,N/A,N/A,N/A,N/A
115,0.8977382779121399,0.5239138603210449,0.0,0.6556781530380249,0.24374547600746155,0.5559571981430054,0.7988476157188416,0.0,0.48910990357398987,0.1288853883743286,0.4881689250469208,0.2984060049057007,0.5273467898368835,0.5041783452033997,0.5667495131492615,0.5602288842201233,0.15816718339920044,0.6046350002288818,0.4199690520763397,0.33857372403144836,0.4395339787006378,0.6110478043556213,0.5364869832992554,0.04089781269431114,0.5995163321495056,0.4249664843082428,0.0365249328315258,0.2362065464258194,0.5081623792648315,0.7918066382408142,0.8124147057533264,0.5343759059906006,0.7239423394203186,0.5311782956123352,0.3085871934890747,0.6281741857528687,0.5723760724067688,0.7078110575675964,0.23944610357284546,0.7569172978401184,0.5395708680152893,0.698182225227356,0.8100684881210327,0.09764198213815689,0.563077986240387,0.5136439204216003,0.4545442461967468,0.2164468765258789,0.4734663665294647,0.3281104862689972,0.22335094213485718,0.24596841633319855,0.4226330816745758,0.451763391494751,0.38022664189338684,0.7322462201118469,0.6871325373649597,0.41339927911758423,0.5927855968475342,0.8505092263221741,0.0,0.33726224303245544,0.17042867839336395,0.6145617961883545,0.6291276812553406,0.6486954092979431,0.7417843341827393,0.45580533146858215,0.5261736512184143,0.08441575616598129,0.5832114219665527,0.4745153784751892,0.6589263677597046,0.7483034133911133,0.0,0.5547962784767151,0.3754037618637085,0.2174650877714157,0.7526904940605164,0.6573283672332764,0.504800021648407,0.5011981129646301,0.6811549663543701,0.29445508122444153,0.791163980960846,0.7678663730621338,0.0,0.8508510589599609,0.6695717573165894,0.4948793947696686,0.5039608478546143,0.4653172194957733,0.6982884407043457,0.4625675678253174,0.49833768606185913,0.7971936464309692,0.7079586386680603,0.0,0.2945626378059387,0.38184764981269836,0.0,0.26960569620132446,0.005453586578369141,0.03885481134057045
116,N/A,N/A,N/A,N/A,N/A,N/A,N/A,N/A,N/A,N/A,N/A,N/A,N/A,N/A,N/A,N/A,N/A,N/A,N/A,N/A,N/A,N/A,N/A,N/A,N/A,N/A,N/A,N/A,N/A,N/A,N/A,N/A,N/A,N/A,N/A,N/A,N/A,N/A,N/A,N/A,N/A,N/A,N/A,N/A,N/A,N/A,N/A,N/A,N/A,N/A,N/A,N/A,N/A,N/A,N/A,N/A,N/A,N/A,N/A,N/A,N/A,N/A,N/A,N/A,N/A,N/A,N/A,N/A,N/A,N/A,N/A,N/A,N/A,N/A,N/A,N/A,N/A,N/A,N/A,N/A,N/A,N/A,N/A,N/A,N/A,N/A,N/A,N/A,N/A,N/A,N/A,N/A,N/A,N/A,N/A,N/A,N/A,N/A,N/A,N/A,N/A,N/A,N/A,N/A
117,N/A,N/A,N/A,N/A,N/A,N/A,N/A,N/A,N/A,N/A,N/A,N/A,N/A,N/A,N/A,N/A,N/A,N/A,N/A,N/A,N/A,N/A,N/A,N/A,N/A,N/A,N/A,N/A,N/A,N/A,N/A,N/A,N/A,N/A,N/A,N/A,N/A,N/A,N/A,N/A,N/A,N/A,N/A,N/A,N/A,N/A,N/A,N/A,N/A,N/A,N/A,N/A,N/A,N/A,N/A,N/A,N/A,N/A,N/A,N/A,N/A,N/A,N/A,N/A,N/A,N/A,N/A,N/A,N/A,N/A,N/A,N/A,N/A,N/A,N/A,N/A,N/A,N/A,N/A,N/A,N/A,N/A,N/A,N/A,N/A,N/A,N/A,N/A,N/A,N/A,N/A,N/A,N/A,N/A,N/A,N/A,N/A,N/A,N/A,N/A,N/A,N/A,N/A,N/A
118,N/A,N/A,N/A,N/A,N/A,N/A,N/A,N/A,N/A,N/A,N/A,N/A,N/A,N/A,N/A,N/A,N/A,N/A,N/A,N/A,N/A,N/A,N/A,N/A,N/A,N/A,N/A,N/A,N/A,N/A,N/A,N/A,N/A,N/A,N/A,N/A,N/A,N/A,N/A,N/A,N/A,N/A,N/A,N/A,N/A,N/A,N/A,N/A,N/A,N/A,N/A,N/A,N/A,N/A,N/A,N/A,N/A,N/A,N/A,N/A,N/A,N/A,N/A,N/A,N/A,N/A,N/A,N/A,N/A,N/A,N/A,N/A,N/A,N/A,N/A,N/A,N/A,N/A,N/A,N/A,N/A,N/A,N/A,N/A,N/A,N/A,N/A,N/A,N/A,N/A,N/A,N/A,N/A,N/A,N/A,N/A,N/A,N/A,N/A,N/A,N/A,N/A,N/A,N/A
119,N/A,N/A,N/A,N/A,N/A,N/A,N/A,N/A,N/A,N/A,N/A,N/A,N/A,N/A,N/A,N/A,N/A,N/A,N/A,N/A,N/A,N/A,N/A,N/A,N/A,N/A,N/A,N/A,N/A,N/A,N/A,N/A,N/A,N/A,N/A,N/A,N/A,N/A,N/A,N/A,N/A,N/A,N/A,N/A,N/A,N/A,N/A,N/A,N/A,N/A,N/A,N/A,N/A,N/A,N/A,N/A,N/A,N/A,N/A,N/A,N/A,N/A,N/A,N/A,N/A,N/A,N/A,N/A,N/A,N/A,N/A,N/A,N/A,N/A,N/A,N/A,N/A,N/A,N/A,N/A,N/A,N/A,N/A,N/A,N/A,N/A,N/A,N/A,N/A,N/A,N/A,N/A,N/A,N/A,N/A,N/A,N/A,N/A,N/A,N/A,N/A,N/A,N/A,N/A
120,0.8977612257003784,0.5218563675880432,0.0,0.6511270403862,0.23855558037757874,0.5702950954437256,0.7869943380355835,0.0,0.4853769540786743,0.12630733847618103,0.4891952574253082,0.2912965416908264,0.5275595784187317,0.5010114908218384,0.565703809261322,0.5621449947357178,0.1507631242275238,0.6077356338500977,0.4192441701889038,0.3473300635814667,0.43038925528526306,0.6162235736846924,0.5300940275192261,0.046238675713539124,0.5887172818183899,0.43170222640037537,0.023467695340514183,0.22396813333034515,0.5287114977836609,0.8042999505996704,0.8106765151023865,0.5337761640548706,0.7317940592765808,0.5294473171234131,0.2781062126159668,0.6239288449287415,0.5766595005989075,0.7070136070251465,0.24608053267002106,0.7685331702232361,0.5448496341705322,0.7001711130142212,0.8388505578041077,0.15317153930664062,0.558578372001648,0.5256901383399963,0.45119014382362366,0.21566130220890045,0.47067713737487793,0.33301836252212524,0.23057270050048828,0.24529166519641876,0.4215314984321594,0.44904759526252747,0.38609302043914795,0.7345909476280212,0.6772333979606628,0.40732109546661377,0.5912484526634216,0.8470948338508606,0.0,0.3408864140510559,0.1687987595796585,0.6279551386833191,0.6289970874786377,0.6493857502937317,0.7344382405281067,0.452696293592453,0.5024879574775696,0.08626457303762436,0.5752698183059692,0.5135337710380554,0.65013188123703,0.7552048563957214,0.0,0.5602376461029053,0.385233074426651,0.27114400267601013,0.7461485862731934,0.6103025078773499,0.5113332271575928,0.5023918151855469,0.6937496066093445,0.28423312306404114,0.7932544350624084,0.7631498575210571,0.0,0.8515029549598694,0.6970020532608032,0.4977909028530121,0.501069962978363,0.47506922483444214,0.6972656846046448,0.4671984612941742,0.5005874633789062,0.8002443313598633,0.7103937268257141,0.0,0.28757208585739136,0.40974417328834534,0.0,0.2674526274204254,0.003134874626994133,0.04296136647462845
